Año;Numero de Mes;Mes;Destino;Volumen Exportado (kg);Valor FOB (USD);Precio FOB por kg (USD)
2011;1;Enero;Chile;;;
2011;1;Enero;Lebanon;;;
2011;1;Enero;Others;;;
2011;1;Enero;Spain;;;
2011;1;Enero;Syria;;;
2011;1;Enero;USA;;;
2011;2;Febrero;Chile;;;
2011;2;Febrero;Lebanon;;;
2011;2;Febrero;Others;;;
2011;2;Febrero;Spain;;;
2011;2;Febrero;Syria;;;
2011;2;Febrero;USA;;;
2011;3;Marzo;Chile;;;
2011;3;Marzo;Lebanon;;;
2011;3;Marzo;Others;;;
2011;3;Marzo;Spain;;;
2011;3;Marzo;Syria;;;
2011;3;Marzo;USA;;;
2011;4;Abril;Chile;;;
2011;4;Abril;Lebanon;;;
2011;4;Abril;Others;;;
2011;4;Abril;Spain;;;
2011;4;Abril;Syria;;;
2011;4;Abril;USA;;;
2011;5;Mayo;Chile;;;
2011;5;Mayo;Lebanon;;;
2011;5;Mayo;Others;;;
2011;5;Mayo;Spain;;;
2011;5;Mayo;Syria;;;
2011;5;Mayo;USA;;;
2011;6;Junio;Chile;;;
2011;6;Junio;Lebanon;;;
2011;6;Junio;Others;;;
2011;6;Junio;Spain;;;
2011;6;Junio;Syria;;;
2011;6;Junio;USA;;;
2011;7;Julio;Chile;;;
2011;7;Julio;Lebanon;;;
2011;7;Julio;Others;;;
2011;7;Julio;Spain;;;
2011;7;Julio;Syria;;;
2011;7;Julio;USA;;;
2011;8;Agosto;Chile;;;
2011;8;Agosto;Lebanon;;;
2011;8;Agosto;Others;;;
2011;8;Agosto;Spain;;;
2011;8;Agosto;Syria;;;
2011;8;Agosto;USA;;;
2011;9;Septiembre;Chile;;;
2011;9;Septiembre;Lebanon;;;
2011;9;Septiembre;Others;;;
2011;9;Septiembre;Spain;;;
2011;9;Septiembre;Syria;;;
2011;9;Septiembre;USA;;;
2011;10;Octubre;Chile;;;
2011;10;Octubre;Lebanon;;;
2011;10;Octubre;Others;;;
2011;10;Octubre;Spain;;;
2011;10;Octubre;Syria;;;
2011;10;Octubre;USA;;;
2011;11;Noviembre;Chile;;;
2011;11;Noviembre;Lebanon;;;
2011;11;Noviembre;Others;;;
2011;11;Noviembre;Spain;;;
2011;11;Noviembre;Syria;;;
2011;11;Noviembre;USA;;;
2011;12;Diciembre;Chile;;;
2011;12;Diciembre;Lebanon;;;
2011;12;Diciembre;Others;;;
2011;12;Diciembre;Spain;;;
2011;12;Diciembre;Syria;;;
2011;12;Diciembre;USA;;;
2012;1;Enero;Chile;;;
2012;1;Enero;Lebanon;;;
2012;1;Enero;Others;;;
2012;1;Enero;Spain;;;
2012;1;Enero;Syria;;;
2012;1;Enero;USA;;;
2012;2;Febrero;Chile;;;
2012;2;Febrero;Lebanon;;;
2012;2;Febrero;Others;;;
2012;2;Febrero;Spain;;;
2012;2;Febrero;Syria;;;
2012;2;Febrero;USA;;;
2012;3;Marzo;Chile;;;
2012;3;Marzo;Lebanon;;;
2012;3;Marzo;Others;;;
2012;3;Marzo;Spain;;;
2012;3;Marzo;Syria;;;
2012;3;Marzo;USA;;;
2012;4;Abril;Chile;;;
2012;4;Abril;Lebanon;;;
2012;4;Abril;Others;;;
2012;4;Abril;Spain;;;
2012;4;Abril;Syria;;;
2012;4;Abril;USA;;;
2012;5;Mayo;Chile;;;
2012;5;Mayo;Lebanon;;;
2012;5;Mayo;Others;;;
2012;5;Mayo;Spain;;;
2012;5;Mayo;Syria;;;
2012;5;Mayo;USA;;;
2012;6;Junio;Chile;;;
2012;6;Junio;Lebanon;;;
2012;6;Junio;Others;;;
2012;6;Junio;Spain;;;
2012;6;Junio;Syria;;;
2012;6;Junio;USA;;;
2012;7;Julio;Chile;;;
2012;7;Julio;Lebanon;;;
2012;7;Julio;Others;;;
2012;7;Julio;Spain;;;
2012;7;Julio;Syria;;;
2012;7;Julio;USA;;;
2012;8;Agosto;Chile;;;
2012;8;Agosto;Lebanon;;;
2012;8;Agosto;Others;;;
2012;8;Agosto;Spain;;;
2012;8;Agosto;Syria;;;
2012;8;Agosto;USA;;;
2012;9;Septiembre;Chile;;;
2012;9;Septiembre;Lebanon;;;
2012;9;Septiembre;Others;;;
2012;9;Septiembre;Spain;;;
2012;9;Septiembre;Syria;;;
2012;9;Septiembre;USA;;;
2012;10;Octubre;Chile;;;
2012;10;Octubre;Lebanon;;;
2012;10;Octubre;Others;;;
2012;10;Octubre;Spain;;;
2012;10;Octubre;Syria;;;
2012;10;Octubre;USA;;;
2012;11;Noviembre;Chile;;;
2012;11;Noviembre;Lebanon;;;
2012;11;Noviembre;Others;;;
2012;11;Noviembre;Spain;;;
2012;11;Noviembre;Syria;;;
2012;11;Noviembre;USA;;;
2012;12;Diciembre;Chile;;;
2012;12;Diciembre;Lebanon;;;
2012;12;Diciembre;Others;;;
2012;12;Diciembre;Spain;;;
2012;12;Diciembre;Syria;;;
2012;12;Diciembre;USA;;;
2013;1;Enero;Chile;;;
2013;1;Enero;Lebanon;;;
2013;1;Enero;Others;;;
2013;1;Enero;Spain;;;
2013;1;Enero;Syria;;;
2013;1;Enero;USA;;;
2013;2;Febrero;Chile;;;
2013;2;Febrero;Lebanon;;;
2013;2;Febrero;Others;;;
2013;2;Febrero;Spain;;;
2013;2;Febrero;Syria;;;
2013;2;Febrero;USA;;;
2013;3;Marzo;Chile;;;
2013;3;Marzo;Lebanon;;;
2013;3;Marzo;Others;;;
2013;3;Marzo;Spain;;;
2013;3;Marzo;Syria;;;
2013;3;Marzo;USA;;;
2013;4;Abril;Chile;;;
2013;4;Abril;Lebanon;;;
2013;4;Abril;Others;;;
2013;4;Abril;Spain;;;
2013;4;Abril;Syria;;;
2013;4;Abril;USA;;;
2013;5;Mayo;Chile;;;
2013;5;Mayo;Lebanon;;;
2013;5;Mayo;Others;;;
2013;5;Mayo;Spain;;;
2013;5;Mayo;Syria;;;
2013;5;Mayo;USA;;;
2013;6;Junio;Chile;;;
2013;6;Junio;Lebanon;;;
2013;6;Junio;Others;;;
2013;6;Junio;Spain;;;
2013;6;Junio;Syria;;;
2013;6;Junio;USA;;;
2013;7;Julio;Chile;;;
2013;7;Julio;Lebanon;;;
2013;7;Julio;Others;;;
2013;7;Julio;Spain;;;
2013;7;Julio;Syria;;;
2013;7;Julio;USA;;;
2013;8;Agosto;Chile;;;
2013;8;Agosto;Lebanon;;;
2013;8;Agosto;Others;;;
2013;8;Agosto;Spain;;;
2013;8;Agosto;Syria;;;
2013;8;Agosto;USA;;;
2013;9;Septiembre;Chile;;;
2013;9;Septiembre;Lebanon;;;
2013;9;Septiembre;Others;;;
2013;9;Septiembre;Spain;;;
2013;9;Septiembre;Syria;;;
2013;9;Septiembre;USA;;;
2013;10;Octubre;Chile;;;
2013;10;Octubre;Lebanon;;;
2013;10;Octubre;Others;;;
2013;10;Octubre;Spain;;;
2013;10;Octubre;Syria;;;
2013;10;Octubre;USA;;;
2013;11;Noviembre;Chile;;;
2013;11;Noviembre;Lebanon;;;
2013;11;Noviembre;Others;;;
2013;11;Noviembre;Spain;;;
2013;11;Noviembre;Syria;;;
2013;11;Noviembre;USA;;;
2013;12;Diciembre;Chile;;;
2013;12;Diciembre;Lebanon;;;
2013;12;Diciembre;Others;;;
2013;12;Diciembre;Spain;;;
2013;12;Diciembre;Syria;;;
2013;12;Diciembre;USA;;;
2014;1;Enero;Chile;;;
2014;1;Enero;Lebanon;;;
2014;1;Enero;Others;;;
2014;1;Enero;Spain;;;
2014;1;Enero;Syria;;;
2014;1;Enero;USA;;;
2014;2;Febrero;Chile;;;
2014;2;Febrero;Lebanon;;;
2014;2;Febrero;Others;;;
2014;2;Febrero;Spain;;;
2014;2;Febrero;Syria;;;
2014;2;Febrero;USA;;;
2014;3;Marzo;Chile;;;
2014;3;Marzo;Lebanon;;;
2014;3;Marzo;Others;;;
2014;3;Marzo;Spain;;;
2014;3;Marzo;Syria;;;
2014;3;Marzo;USA;;;
2014;4;Abril;Chile;;;
2014;4;Abril;Lebanon;;;
2014;4;Abril;Others;;;
2014;4;Abril;Spain;;;
2014;4;Abril;Syria;;;
2014;4;Abril;USA;;;
2014;5;Mayo;Chile;;;
2014;5;Mayo;Lebanon;;;
2014;5;Mayo;Others;;;
2014;5;Mayo;Spain;;;
2014;5;Mayo;Syria;;;
2014;5;Mayo;USA;;;
2014;6;Junio;Chile;;;
2014;6;Junio;Lebanon;;;
2014;6;Junio;Others;;;
2014;6;Junio;Spain;;;
2014;6;Junio;Syria;;;
2014;6;Junio;USA;;;
2014;7;Julio;Chile;;;
2014;7;Julio;Lebanon;;;
2014;7;Julio;Others;;;
2014;7;Julio;Spain;;;
2014;7;Julio;Syria;;;
2014;7;Julio;USA;;;
2014;8;Agosto;Chile;;;
2014;8;Agosto;Lebanon;;;
2014;8;Agosto;Others;;;
2014;8;Agosto;Spain;;;
2014;8;Agosto;Syria;;;
2014;8;Agosto;USA;;;
2014;9;Septiembre;Chile;;;
2014;9;Septiembre;Lebanon;;;
2014;9;Septiembre;Others;;;
2014;9;Septiembre;Spain;;;
2014;9;Septiembre;Syria;;;
2014;9;Septiembre;USA;;;
2014;10;Octubre;Chile;;;
2014;10;Octubre;Lebanon;;;
2014;10;Octubre;Others;;;
2014;10;Octubre;Spain;;;
2014;10;Octubre;Syria;;;
2014;10;Octubre;USA;;;
2014;11;Noviembre;Chile;;;
2014;11;Noviembre;Lebanon;;;
2014;11;Noviembre;Others;;;
2014;11;Noviembre;Spain;;;
2014;11;Noviembre;Syria;;;
2014;11;Noviembre;USA;;;
2014;12;Diciembre;Chile;;;
2014;12;Diciembre;Lebanon;;;
2014;12;Diciembre;Others;;;
2014;12;Diciembre;Spain;;;
2014;12;Diciembre;Syria;;;
2014;12;Diciembre;USA;;;
2015;1;Enero;Chile;;;
2015;1;Enero;Lebanon;;;
2015;1;Enero;Others;;;
2015;1;Enero;Spain;;;
2015;1;Enero;Syria;;;
2015;1;Enero;USA;;;
2015;2;Febrero;Chile;;;
2015;2;Febrero;Lebanon;;;
2015;2;Febrero;Others;;;
2015;2;Febrero;Spain;;;
2015;2;Febrero;Syria;;;
2015;2;Febrero;USA;;;
2015;3;Marzo;Chile;;;
2015;3;Marzo;Lebanon;;;
2015;3;Marzo;Others;;;
2015;3;Marzo;Spain;;;
2015;3;Marzo;Syria;;;
2015;3;Marzo;USA;;;
2015;4;Abril;Chile;;;
2015;4;Abril;Lebanon;;;
2015;4;Abril;Others;;;
2015;4;Abril;Spain;;;
2015;4;Abril;Syria;;;
2015;4;Abril;USA;;;
2015;5;Mayo;Chile;;;
2015;5;Mayo;Lebanon;;;
2015;5;Mayo;Others;;;
2015;5;Mayo;Spain;;;
2015;5;Mayo;Syria;;;
2015;5;Mayo;USA;;;
2015;6;Junio;Chile;;;
2015;6;Junio;Lebanon;;;
2015;6;Junio;Others;;;
2015;6;Junio;Spain;;;
2015;6;Junio;Syria;;;
2015;6;Junio;USA;;;
2015;7;Julio;Chile;;;
2015;7;Julio;Lebanon;;;
2015;7;Julio;Others;;;
2015;7;Julio;Spain;;;
2015;7;Julio;Syria;;;
2015;7;Julio;USA;;;
2015;8;Agosto;Chile;;;
2015;8;Agosto;Lebanon;;;
2015;8;Agosto;Others;;;
2015;8;Agosto;Spain;;;
2015;8;Agosto;Syria;;;
2015;8;Agosto;USA;;;
2015;9;Septiembre;Chile;;;
2015;9;Septiembre;Lebanon;;;
2015;9;Septiembre;Others;;;
2015;9;Septiembre;Spain;;;
2015;9;Septiembre;Syria;;;
2015;9;Septiembre;USA;;;
2015;10;Octubre;Chile;;;
2015;10;Octubre;Lebanon;;;
2015;10;Octubre;Others;;;
2015;10;Octubre;Spain;;;
2015;10;Octubre;Syria;;;
2015;10;Octubre;USA;;;
2015;11;Noviembre;Chile;;;
2015;11;Noviembre;Lebanon;;;
2015;11;Noviembre;Others;;;
2015;11;Noviembre;Spain;;;
2015;11;Noviembre;Syria;;;
2015;11;Noviembre;USA;;;
2015;12;Diciembre;Chile;;;
2015;12;Diciembre;Lebanon;;;
2015;12;Diciembre;Others;;;
2015;12;Diciembre;Spain;;;
2015;12;Diciembre;Syria;;;
2015;12;Diciembre;USA;;;
2016;1;Enero;Chile;;;
2016;1;Enero;Lebanon;;;
2016;1;Enero;Others;;;
2016;1;Enero;Spain;;;
2016;1;Enero;Syria;;;
2016;1;Enero;USA;;;
2016;2;Febrero;Chile;;;
2016;2;Febrero;Lebanon;;;
2016;2;Febrero;Others;;;
2016;2;Febrero;Spain;;;
2016;2;Febrero;Syria;;;
2016;2;Febrero;USA;;;
2016;3;Marzo;Chile;;;
2016;3;Marzo;Lebanon;;;
2016;3;Marzo;Others;;;
2016;3;Marzo;Spain;;;
2016;3;Marzo;Syria;;;
2016;3;Marzo;USA;;;
2016;4;Abril;Chile;;;
2016;4;Abril;Lebanon;;;
2016;4;Abril;Others;;;
2016;4;Abril;Spain;;;
2016;4;Abril;Syria;;;
2016;4;Abril;USA;;;
2016;5;Mayo;Chile;;;
2016;5;Mayo;Lebanon;;;
2016;5;Mayo;Others;;;
2016;5;Mayo;Spain;;;
2016;5;Mayo;Syria;;;
2016;5;Mayo;USA;;;
2016;6;Junio;Chile;;;
2016;6;Junio;Lebanon;;;
2016;6;Junio;Others;;;
2016;6;Junio;Spain;;;
2016;6;Junio;Syria;;;
2016;6;Junio;USA;;;
2016;7;Julio;Chile;;;
2016;7;Julio;Lebanon;;;
2016;7;Julio;Others;;;
2016;7;Julio;Spain;;;
2016;7;Julio;Syria;;;
2016;7;Julio;USA;;;
2016;8;Agosto;Chile;;;
2016;8;Agosto;Lebanon;;;
2016;8;Agosto;Others;;;
2016;8;Agosto;Spain;;;
2016;8;Agosto;Syria;;;
2016;8;Agosto;USA;;;
2016;9;Septiembre;Chile;;;
2016;9;Septiembre;Lebanon;;;
2016;9;Septiembre;Others;;;
2016;9;Septiembre;Spain;;;
2016;9;Septiembre;Syria;;;
2016;9;Septiembre;USA;;;
2016;10;Octubre;Chile;;;
2016;10;Octubre;Lebanon;;;
2016;10;Octubre;Others;;;
2016;10;Octubre;Spain;;;
2016;10;Octubre;Syria;;;
2016;10;Octubre;USA;;;
2016;11;Noviembre;Chile;;;
2016;11;Noviembre;Lebanon;;;
2016;11;Noviembre;Others;;;
2016;11;Noviembre;Spain;;;
2016;11;Noviembre;Syria;;;
2016;11;Noviembre;USA;;;
2016;12;Diciembre;Chile;;;
2016;12;Diciembre;Lebanon;;;
2016;12;Diciembre;Others;;;
2016;12;Diciembre;Spain;;;
2016;12;Diciembre;Syria;;;
2016;12;Diciembre;USA;;;
2017;1;Enero;Chile;;;
2017;1;Enero;Lebanon;;;
2017;1;Enero;Others;;;
2017;1;Enero;Spain;;;
2017;1;Enero;Syria;;;
2017;1;Enero;USA;;;
2017;2;Febrero;Chile;;;
2017;2;Febrero;Lebanon;;;
2017;2;Febrero;Others;;;
2017;2;Febrero;Spain;;;
2017;2;Febrero;Syria;;;
2017;2;Febrero;USA;;;
2017;3;Marzo;Chile;;;
2017;3;Marzo;Lebanon;;;
2017;3;Marzo;Others;;;
2017;3;Marzo;Spain;;;
2017;3;Marzo;Syria;;;
2017;3;Marzo;USA;;;
2017;4;Abril;Chile;;;
2017;4;Abril;Lebanon;;;
2017;4;Abril;Others;;;
2017;4;Abril;Spain;;;
2017;4;Abril;Syria;;;
2017;4;Abril;USA;;;
2017;5;Mayo;Chile;;;
2017;5;Mayo;Lebanon;;;
2017;5;Mayo;Others;;;
2017;5;Mayo;Spain;;;
2017;5;Mayo;Syria;;;
2017;5;Mayo;USA;;;
2017;6;Junio;Chile;;;
2017;6;Junio;Lebanon;;;
2017;6;Junio;Others;;;
2017;6;Junio;Spain;;;
2017;6;Junio;Syria;;;
2017;6;Junio;USA;;;
2017;7;Julio;Chile;;;
2017;7;Julio;Lebanon;;;
2017;7;Julio;Others;;;
2017;7;Julio;Spain;;;
2017;7;Julio;Syria;;;
2017;7;Julio;USA;;;
2017;8;Agosto;Chile;;;
2017;8;Agosto;Lebanon;;;
2017;8;Agosto;Others;;;
2017;8;Agosto;Spain;;;
2017;8;Agosto;Syria;;;
2017;8;Agosto;USA;;;
2017;9;Septiembre;Chile;;;
2017;9;Septiembre;Lebanon;;;
2017;9;Septiembre;Others;;;
2017;9;Septiembre;Spain;;;
2017;9;Septiembre;Syria;;;
2017;9;Septiembre;USA;;;
2017;10;Octubre;Chile;;;
2017;10;Octubre;Lebanon;;;
2017;10;Octubre;Others;;;
2017;10;Octubre;Spain;;;
2017;10;Octubre;Syria;;;
2017;10;Octubre;USA;;;
2017;11;Noviembre;Chile;;;
2017;11;Noviembre;Lebanon;;;
2017;11;Noviembre;Others;;;
2017;11;Noviembre;Spain;;;
2017;11;Noviembre;Syria;;;
2017;11;Noviembre;USA;;;
2017;12;Diciembre;Chile;;;
2017;12;Diciembre;Lebanon;;;
2017;12;Diciembre;Others;;;
2017;12;Diciembre;Spain;;;
2017;12;Diciembre;Syria;;;
2017;12;Diciembre;USA;;;
2018;1;Enero;Chile;;;
2018;1;Enero;Lebanon;;;
2018;1;Enero;Others;;;
2018;1;Enero;Spain;;;
2018;1;Enero;Syria;;;
2018;1;Enero;USA;;;
2018;2;Febrero;Chile;;;
2018;2;Febrero;Lebanon;;;
2018;2;Febrero;Others;;;
2018;2;Febrero;Spain;;;
2018;2;Febrero;Syria;;;
2018;2;Febrero;USA;;;
2018;3;Marzo;Chile;;;
2018;3;Marzo;Lebanon;;;
2018;3;Marzo;Others;;;
2018;3;Marzo;Spain;;;
2018;3;Marzo;Syria;;;
2018;3;Marzo;USA;;;
2018;4;Abril;Chile;;;
2018;4;Abril;Lebanon;;;
2018;4;Abril;Others;;;
2018;4;Abril;Spain;;;
2018;4;Abril;Syria;;;
2018;4;Abril;USA;;;
2018;5;Mayo;Chile;;;
2018;5;Mayo;Lebanon;;;
2018;5;Mayo;Others;;;
2018;5;Mayo;Spain;;;
2018;5;Mayo;Syria;;;
2018;5;Mayo;USA;;;
2018;6;Junio;Chile;;;
2018;6;Junio;Lebanon;;;
2018;6;Junio;Others;;;
2018;6;Junio;Spain;;;
2018;6;Junio;Syria;;;
2018;6;Junio;USA;;;
2018;7;Julio;Chile;;;
2018;7;Julio;Lebanon;;;
2018;7;Julio;Others;;;
2018;7;Julio;Spain;;;
2018;7;Julio;Syria;;;
2018;7;Julio;USA;;;
2018;8;Agosto;Chile;;;
2018;8;Agosto;Lebanon;;;
2018;8;Agosto;Others;;;
2018;8;Agosto;Spain;;;
2018;8;Agosto;Syria;;;
2018;8;Agosto;USA;;;
2018;9;Septiembre;Chile;;;
2018;9;Septiembre;Lebanon;;;
2018;9;Septiembre;Others;;;
2018;9;Septiembre;Spain;;;
2018;9;Septiembre;Syria;;;
2018;9;Septiembre;USA;;;
2018;10;Octubre;Chile;;;
2018;10;Octubre;Lebanon;;;
2018;10;Octubre;Others;;;
2018;10;Octubre;Spain;;;
2018;10;Octubre;Syria;;;
2018;10;Octubre;USA;;;
2018;11;Noviembre;Chile;;;
2018;11;Noviembre;Lebanon;;;
2018;11;Noviembre;Others;;;
2018;11;Noviembre;Spain;;;
2018;11;Noviembre;Syria;;;
2018;11;Noviembre;USA;;;
2018;12;Diciembre;Chile;;;
2018;12;Diciembre;Lebanon;;;
2018;12;Diciembre;Others;;;
2018;12;Diciembre;Spain;;;
2018;12;Diciembre;Syria;;;
2018;12;Diciembre;USA;;;
2019;1;Enero;Chile;;;
2019;1;Enero;Lebanon;;;
2019;1;Enero;Others;;;
2019;1;Enero;Spain;;;
2019;1;Enero;Syria;;;
2019;1;Enero;USA;;;
2019;2;Febrero;Chile;;;
2019;2;Febrero;Lebanon;;;
2019;2;Febrero;Others;;;
2019;2;Febrero;Spain;;;
2019;2;Febrero;Syria;;;
2019;2;Febrero;USA;;;
2019;3;Marzo;Chile;;;
2019;3;Marzo;Lebanon;;;
2019;3;Marzo;Others;;;
2019;3;Marzo;Spain;;;
2019;3;Marzo;Syria;;;
2019;3;Marzo;USA;;;
2019;4;Abril;Chile;;;
2019;4;Abril;Lebanon;;;
2019;4;Abril;Others;;;
2019;4;Abril;Spain;;;
2019;4;Abril;Syria;;;
2019;4;Abril;USA;;;
2019;5;Mayo;Chile;;;
2019;5;Mayo;Lebanon;;;
2019;5;Mayo;Others;;;
2019;5;Mayo;Spain;;;
2019;5;Mayo;Syria;;;
2019;5;Mayo;USA;;;
2019;6;Junio;Chile;;;
2019;6;Junio;Lebanon;;;
2019;6;Junio;Others;;;
2019;6;Junio;Spain;;;
2019;6;Junio;Syria;;;
2019;6;Junio;USA;;;
2019;7;Julio;Chile;;;
2019;7;Julio;Lebanon;;;
2019;7;Julio;Others;;;
2019;7;Julio;Spain;;;
2019;7;Julio;Syria;;;
2019;7;Julio;USA;;;
2019;8;Agosto;Chile;;;
2019;8;Agosto;Lebanon;;;
2019;8;Agosto;Others;;;
2019;8;Agosto;Spain;;;
2019;8;Agosto;Syria;;;
2019;8;Agosto;USA;;;
2019;9;Septiembre;Chile;;;
2019;9;Septiembre;Lebanon;;;
2019;9;Septiembre;Others;;;
2019;9;Septiembre;Spain;;;
2019;9;Septiembre;Syria;;;
2019;9;Septiembre;USA;;;
2019;10;Octubre;Chile;;;
2019;10;Octubre;Lebanon;;;
2019;10;Octubre;Others;;;
2019;10;Octubre;Spain;;;
2019;10;Octubre;Syria;;;
2019;10;Octubre;USA;;;
2019;11;Noviembre;Chile;;;
2019;11;Noviembre;Lebanon;;;
2019;11;Noviembre;Others;;;
2019;11;Noviembre;Spain;;;
2019;11;Noviembre;Syria;;;
2019;11;Noviembre;USA;;;
2019;12;Diciembre;Chile;;;
2019;12;Diciembre;Lebanon;;;
2019;12;Diciembre;Others;;;
2019;12;Diciembre;Spain;;;
2019;12;Diciembre;Syria;;;
2019;12;Diciembre;USA;;;
2020;1;Enero;Chile;;;
2020;1;Enero;Lebanon;;;
2020;1;Enero;Others;;;
2020;1;Enero;Spain;;;
2020;1;Enero;Syria;;;
2020;1;Enero;USA;;;
2020;2;Febrero;Chile;;;
2020;2;Febrero;Lebanon;;;
2020;2;Febrero;Others;;;
2020;2;Febrero;Spain;;;
2020;2;Febrero;Syria;;;
2020;2;Febrero;USA;;;
2020;3;Marzo;Chile;;;
2020;3;Marzo;Lebanon;;;
2020;3;Marzo;Others;;;
2020;3;Marzo;Spain;;;
2020;3;Marzo;Syria;;;
2020;3;Marzo;USA;;;
2020;4;Abril;Chile;;;
2020;4;Abril;Lebanon;;;
2020;4;Abril;Others;;;
2020;4;Abril;Spain;;;
2020;4;Abril;Syria;;;
2020;4;Abril;USA;;;
2020;5;Mayo;Chile;;;
2020;5;Mayo;Lebanon;;;
2020;5;Mayo;Others;;;
2020;5;Mayo;Spain;;;
2020;5;Mayo;Syria;;;
2020;5;Mayo;USA;;;
2020;6;Junio;Chile;;;
2020;6;Junio;Lebanon;;;
2020;6;Junio;Others;;;
2020;6;Junio;Spain;;;
2020;6;Junio;Syria;;;
2020;6;Junio;USA;;;
2020;7;Julio;Chile;;;
2020;7;Julio;Lebanon;;;
2020;7;Julio;Others;;;
2020;7;Julio;Spain;;;
2020;7;Julio;Syria;;;
2020;7;Julio;USA;;;
2020;8;Agosto;Chile;;;
2020;8;Agosto;Lebanon;;;
2020;8;Agosto;Others;;;
2020;8;Agosto;Spain;;;
2020;8;Agosto;Syria;;;
2020;8;Agosto;USA;;;
2020;9;Septiembre;Chile;;;
2020;9;Septiembre;Lebanon;;;
2020;9;Septiembre;Others;;;
2020;9;Septiembre;Spain;;;
2020;9;Septiembre;Syria;;;
2020;9;Septiembre;USA;;;
2020;10;Octubre;Chile;;;
2020;10;Octubre;Lebanon;;;
2020;10;Octubre;Others;;;
2020;10;Octubre;Spain;;;
2020;10;Octubre;Syria;;;
2020;10;Octubre;USA;;;
2020;11;Noviembre;Chile;;;
2020;11;Noviembre;Lebanon;;;
2020;11;Noviembre;Others;;;
2020;11;Noviembre;Spain;;;
2020;11;Noviembre;Syria;;;
2020;11;Noviembre;USA;;;
2020;12;Diciembre;Chile;;;
2020;12;Diciembre;Lebanon;;;
2020;12;Diciembre;Others;;;
2020;12;Diciembre;Spain;;;
2020;12;Diciembre;Syria;;;
2020;12;Diciembre;USA;;;
2021;1;Enero;Chile;;;
2021;1;Enero;Lebanon;;;
2021;1;Enero;Others;;;
2021;1;Enero;Spain;;;
2021;1;Enero;Syria;;;
2021;1;Enero;USA;;;
2021;2;Febrero;Chile;;;
2021;2;Febrero;Lebanon;;;
2021;2;Febrero;Others;;;
2021;2;Febrero;Spain;;;
2021;2;Febrero;Syria;;;
2021;2;Febrero;USA;;;
2021;3;Marzo;Chile;;;
2021;3;Marzo;Lebanon;;;
2021;3;Marzo;Others;;;
2021;3;Marzo;Spain;;;
2021;3;Marzo;Syria;;;
2021;3;Marzo;USA;;;
2021;4;Abril;Chile;;;
2021;4;Abril;Lebanon;;;
2021;4;Abril;Others;;;
2021;4;Abril;Spain;;;
2021;4;Abril;Syria;;;
2021;4;Abril;USA;;;
2021;5;Mayo;Chile;;;
2021;5;Mayo;Lebanon;;;
2021;5;Mayo;Others;;;
2021;5;Mayo;Spain;;;
2021;5;Mayo;Syria;;;
2021;5;Mayo;USA;;;
2021;6;Junio;Chile;;;
2021;6;Junio;Lebanon;;;
2021;6;Junio;Others;;;
2021;6;Junio;Spain;;;
2021;6;Junio;Syria;;;
2021;6;Junio;USA;;;
2021;7;Julio;Chile;;;
2021;7;Julio;Lebanon;;;
2021;7;Julio;Others;;;
2021;7;Julio;Spain;;;
2021;7;Julio;Syria;;;
2021;7;Julio;USA;;;
2021;8;Agosto;Chile;;;
2021;8;Agosto;Lebanon;;;
2021;8;Agosto;Others;;;
2021;8;Agosto;Spain;;;
2021;8;Agosto;Syria;;;
2021;8;Agosto;USA;;;
2021;9;Septiembre;Chile;;;
2021;9;Septiembre;Lebanon;;;
2021;9;Septiembre;Others;;;
2021;9;Septiembre;Spain;;;
2021;9;Septiembre;Syria;;;
2021;9;Septiembre;USA;;;
2021;10;Octubre;Chile;;;
2021;10;Octubre;Lebanon;;;
2021;10;Octubre;Others;;;
2021;10;Octubre;Spain;;;
2021;10;Octubre;Syria;;;
2021;10;Octubre;USA;;;
2021;11;Noviembre;Chile;;;
2021;11;Noviembre;Lebanon;;;
2021;11;Noviembre;Others;;;
2021;11;Noviembre;Spain;;;
2021;11;Noviembre;Syria;;;
2021;11;Noviembre;USA;;;
2021;12;Diciembre;Chile;;;
2021;12;Diciembre;Lebanon;;;
2021;12;Diciembre;Others;;;
2021;12;Diciembre;Spain;;;
2021;12;Diciembre;Syria;;;
2021;12;Diciembre;USA;;;
2022;1;Enero;Chile;;;
2022;1;Enero;Lebanon;;;
2022;1;Enero;Others;;;
2022;1;Enero;Spain;;;
2022;1;Enero;Syria;;;
2022;1;Enero;USA;;;
2022;2;Febrero;Chile;;;
2022;2;Febrero;Lebanon;;;
2022;2;Febrero;Others;;;
2022;2;Febrero;Spain;;;
2022;2;Febrero;Syria;;;
2022;2;Febrero;USA;;;
2022;3;Marzo;Chile;;;
2022;3;Marzo;Lebanon;;;
2022;3;Marzo;Others;;;
2022;3;Marzo;Spain;;;
2022;3;Marzo;Syria;;;
2022;3;Marzo;USA;;;
2022;4;Abril;Chile;;;
2022;4;Abril;Lebanon;;;
2022;4;Abril;Others;;;
2022;4;Abril;Spain;;;
2022;4;Abril;Syria;;;
2022;4;Abril;USA;;;
2022;5;Mayo;Chile;;;
2022;5;Mayo;Lebanon;;;
2022;5;Mayo;Others;;;
2022;5;Mayo;Spain;;;
2022;5;Mayo;Syria;;;
2022;5;Mayo;USA;;;
2022;6;Junio;Chile;;;
2022;6;Junio;Lebanon;;;
2022;6;Junio;Others;;;
2022;6;Junio;Spain;;;
2022;6;Junio;Syria;;;
2022;6;Junio;USA;;;
2022;7;Julio;Chile;;;
2022;7;Julio;Lebanon;;;
2022;7;Julio;Others;;;
2022;7;Julio;Spain;;;
2022;7;Julio;Syria;;;
2022;7;Julio;USA;;;
2022;8;Agosto;Chile;;;
2022;8;Agosto;Lebanon;;;
2022;8;Agosto;Others;;;
2022;8;Agosto;Spain;;;
2022;8;Agosto;Syria;;;
2022;8;Agosto;USA;;;
2022;9;Septiembre;Chile;;;
2022;9;Septiembre;Lebanon;;;
2022;9;Septiembre;Others;;;
2022;9;Septiembre;Spain;;;
2022;9;Septiembre;Syria;;;
2022;9;Septiembre;USA;;;
2022;10;Octubre;Chile;;;
2022;10;Octubre;Lebanon;;;
2022;10;Octubre;Others;;;
2022;10;Octubre;Spain;;;
2022;10;Octubre;Syria;;;
2022;10;Octubre;USA;;;
2022;11;Noviembre;Chile;;;
2022;11;Noviembre;Lebanon;;;
2022;11;Noviembre;Others;;;
2022;11;Noviembre;Spain;;;
2022;11;Noviembre;Syria;;;
2022;11;Noviembre;USA;;;
2022;12;Diciembre;Chile;;;
2022;12;Diciembre;Lebanon;;;
2022;12;Diciembre;Others;;;
2022;12;Diciembre;Spain;;;
2022;12;Diciembre;Syria;;;
2022;12;Diciembre;USA;;;
2023;1;Enero;Chile;;;
2023;1;Enero;Lebanon;;;
2023;1;Enero;Others;;;
2023;1;Enero;Spain;;;
2023;1;Enero;Syria;;;
2023;1;Enero;USA;;;
2023;2;Febrero;Chile;;;
2023;2;Febrero;Lebanon;;;
2023;2;Febrero;Others;;;
2023;2;Febrero;Spain;;;
2023;2;Febrero;Syria;;;
2023;2;Febrero;USA;;;
2023;3;Marzo;Chile;;;
2023;3;Marzo;Lebanon;;;
2023;3;Marzo;Others;;;
2023;3;Marzo;Spain;;;
2023;3;Marzo;Syria;;;
2023;3;Marzo;USA;;;
2023;4;Abril;Chile;;;
2023;4;Abril;Lebanon;;;
2023;4;Abril;Others;;;
2023;4;Abril;Spain;;;
2023;4;Abril;Syria;;;
2023;4;Abril;USA;;;
2023;5;Mayo;Chile;;;
2023;5;Mayo;Lebanon;;;
2023;5;Mayo;Others;;;
2023;5;Mayo;Spain;;;
2023;5;Mayo;Syria;;;
2023;5;Mayo;USA;;;
2023;6;Junio;Chile;;;
2023;6;Junio;Lebanon;;;
2023;6;Junio;Others;;;
2023;6;Junio;Spain;;;
2023;6;Junio;Syria;;;
2023;6;Junio;USA;;;
2023;7;Julio;Chile;;;
2023;7;Julio;Lebanon;;;
2023;7;Julio;Others;;;
2023;7;Julio;Spain;;;
2023;7;Julio;Syria;;;
2023;7;Julio;USA;;;
2023;8;Agosto;Chile;;;
2023;8;Agosto;Lebanon;;;
2023;8;Agosto;Others;;;
2023;8;Agosto;Spain;;;
2023;8;Agosto;Syria;;;
2023;8;Agosto;USA;;;
2023;9;Septiembre;Chile;;;
2023;9;Septiembre;Lebanon;;;
2023;9;Septiembre;Others;;;
2023;9;Septiembre;Spain;;;
2023;9;Septiembre;Syria;;;
2023;9;Septiembre;USA;;;
2023;10;Octubre;Chile;;;
2023;10;Octubre;Lebanon;;;
2023;10;Octubre;Others;;;
2023;10;Octubre;Spain;;;
2023;10;Octubre;Syria;;;
2023;10;Octubre;USA;;;
2023;11;Noviembre;Chile;;;
2023;11;Noviembre;Lebanon;;;
2023;11;Noviembre;Others;;;
2023;11;Noviembre;Spain;;;
2023;11;Noviembre;Syria;;;
2023;11;Noviembre;USA;;;
2023;12;Diciembre;Chile;;;
2023;12;Diciembre;Lebanon;;;
2023;12;Diciembre;Others;;;
2023;12;Diciembre;Spain;;;
2023;12;Diciembre;Syria;;;
2023;12;Diciembre;USA;;;
2024;1;Enero;Chile;;;
2024;1;Enero;Lebanon;;;
2024;1;Enero;Others;;;
2024;1;Enero;Spain;;;
2024;1;Enero;Syria;;;
2024;1;Enero;USA;;;
2024;2;Febrero;Chile;;;
2024;2;Febrero;Lebanon;;;
2024;2;Febrero;Others;;;
2024;2;Febrero;Spain;;;
2024;2;Febrero;Syria;;;
2024;2;Febrero;USA;;;
2024;3;Marzo;Chile;;;
2024;3;Marzo;Lebanon;;;
2024;3;Marzo;Others;;;
2024;3;Marzo;Spain;;;
2024;3;Marzo;Syria;;;
2024;3;Marzo;USA;;;
2024;4;Abril;Chile;;;
2024;4;Abril;Lebanon;;;
2024;4;Abril;Others;;;
2024;4;Abril;Spain;;;
2024;4;Abril;Syria;;;
2024;4;Abril;USA;;;
2024;5;Mayo;Chile;;;
2024;5;Mayo;Lebanon;;;
2024;5;Mayo;Others;;;
2024;5;Mayo;Spain;;;
2024;5;Mayo;Syria;;;
2024;5;Mayo;USA;;;
2024;6;Junio;Chile;;;
2024;6;Junio;Lebanon;;;
2024;6;Junio;Others;;;
2024;6;Junio;Spain;;;
2024;6;Junio;Syria;;;
2024;6;Junio;USA;;;
2024;7;Julio;Chile;;;
2024;7;Julio;Lebanon;;;
2024;7;Julio;Others;;;
2024;7;Julio;Spain;;;
2024;7;Julio;Syria;;;
2024;7;Julio;USA;;;
2024;8;Agosto;Chile;;;
2024;8;Agosto;Lebanon;;;
2024;8;Agosto;Others;;;
2024;8;Agosto;Spain;;;
2024;8;Agosto;Syria;;;
2024;8;Agosto;USA;;;
2024;9;Septiembre;Chile;;;
2024;9;Septiembre;Lebanon;;;
2024;9;Septiembre;Others;;;
2024;9;Septiembre;Spain;;;
2024;9;Septiembre;Syria;;;
2024;9;Septiembre;USA;;;
2024;10;Octubre;Chile;;;
2024;10;Octubre;Lebanon;;;
2024;10;Octubre;Others;;;
2024;10;Octubre;Spain;;;
2024;10;Octubre;Syria;;;
2024;10;Octubre;USA;;;
2024;11;Noviembre;Chile;;;
2024;11;Noviembre;Lebanon;;;
2024;11;Noviembre;Others;;;
2024;11;Noviembre;Spain;;;
2024;11;Noviembre;Syria;;;
2024;11;Noviembre;USA;;;
2024;12;Diciembre;Chile;;;
2024;12;Diciembre;Lebanon;;;
2024;12;Diciembre;Others;;;
2024;12;Diciembre;Spain;;;
2024;12;Diciembre;Syria;;;
2024;12;Diciembre;USA;;;
2025;1;Enero;Chile;;;
2025;1;Enero;Lebanon;;;
2025;1;Enero;Others;;;
2025;1;Enero;Spain;;;
2025;1;Enero;Syria;;;
2025;1;Enero;USA;;;
2025;2;Febrero;Chile;;;
2025;2;Febrero;Lebanon;;;
2025;2;Febrero;Others;;;
2025;2;Febrero;Spain;;;
2025;2;Febrero;Syria;;;
2025;2;Febrero;USA;;;
2025;3;Marzo;Chile;;;
2025;3;Marzo;Lebanon;;;
2025;3;Marzo;Others;;;
2025;3;Marzo;Spain;;;
2025;3;Marzo;Syria;;;
2025;3;Marzo;USA;;;
2025;4;Abril;Chile;;;
2025;4;Abril;Lebanon;;;
2025;4;Abril;Others;;;
2025;4;Abril;Spain;;;
2025;4;Abril;Syria;;;
2025;4;Abril;USA;;;
2025;5;Mayo;Chile;;;
2025;5;Mayo;Lebanon;;;
2025;5;Mayo;Others;;;
2025;5;Mayo;Spain;;;
2025;5;Mayo;Syria;;;
2025;5;Mayo;USA;;;
2025;6;Junio;Chile;;;
2025;6;Junio;Lebanon;;;
2025;6;Junio;Others;;;
2025;6;Junio;Spain;;;
2025;6;Junio;Syria;;;
2025;6;Junio;USA;;;
2025;7;Julio;Chile;;;
2025;7;Julio;Lebanon;;;
2025;7;Julio;Others;;;
2025;7;Julio;Spain;;;
2025;7;Julio;Syria;;;
2025;7;Julio;USA;;;
2025;8;Agosto;Chile;;;
2025;8;Agosto;Lebanon;;;
2025;8;Agosto;Others;;;
2025;8;Agosto;Spain;;;
2025;8;Agosto;Syria;;;
2025;8;Agosto;USA;;;
2025;9;Septiembre;Chile;;;
2025;9;Septiembre;Lebanon;;;
2025;9;Septiembre;Others;;;
2025;9;Septiembre;Spain;;;
2025;9;Septiembre;Syria;;;
2025;9;Septiembre;USA;;;
2025;10;Octubre;Chile;;;
2025;10;Octubre;Lebanon;;;
2025;10;Octubre;Others;;;
2025;10;Octubre;Spain;;;
2025;10;Octubre;Syria;;;
2025;10;Octubre;USA;;;
2025;11;Noviembre;Chile;;;
2025;11;Noviembre;Lebanon;;;
2025;11;Noviembre;Others;;;
2025;11;Noviembre;Spain;;;
2025;11;Noviembre;Syria;;;
2025;11;Noviembre;USA;;;
2025;12;Diciembre;Chile;;;
2025;12;Diciembre;Lebanon;;;
2025;12;Diciembre;Others;;;
2025;12;Diciembre;Spain;;;
2025;12;Diciembre;Syria;;;
2025;12;Diciembre;USA;;;
