Año;Numero de Mes;Mes;Provincia;Ciudad;Productores;Superficie (ha)
2010;1;Enero;Corrientes;Colonia Liebig;390;10.123
2010;1;Enero;Corrientes;Gobernador Virasoro;346;8.977
2010;1;Enero;Misiones;Apóstoles;3.974;103.140
2010;1;Enero;Misiones;Montecarlo;994;25.785
2010;1;Enero;Misiones;Oberá;464;12.033
2010;1;Enero;Misiones;Otros;530;13.752
2010;1;Enero;Misiones;Santo Pipó;662;17.190
2010;2;Febrero;Corrientes;Colonia Liebig;390;10.123
2010;2;Febrero;Corrientes;Gobernador Virasoro;346;8.977
2010;2;Febrero;Misiones;Apóstoles;3.974;103.140
2010;2;Febrero;Misiones;Montecarlo;994;25.785
2010;2;Febrero;Misiones;Oberá;464;12.033
2010;2;Febrero;Misiones;Otros;530;13.752
2010;2;Febrero;Misiones;Santo Pipó;662;17.190
2010;3;Marzo;Corrientes;Colonia Liebig;390;10.123
2010;3;Marzo;Corrientes;Gobernador Virasoro;346;8.977
2010;3;Marzo;Misiones;Apóstoles;3.974;103.140
2010;3;Marzo;Misiones;Montecarlo;994;25.785
2010;3;Marzo;Misiones;Oberá;464;12.033
2010;3;Marzo;Misiones;Otros;530;13.752
2010;3;Marzo;Misiones;Santo Pipó;662;17.190
2010;4;Abril;Corrientes;Colonia Liebig;390;10.123
2010;4;Abril;Corrientes;Gobernador Virasoro;346;8.977
2010;4;Abril;Misiones;Apóstoles;3.974;103.140
2010;4;Abril;Misiones;Montecarlo;994;25.785
2010;4;Abril;Misiones;Oberá;464;12.033
2010;4;Abril;Misiones;Otros;530;13.752
2010;4;Abril;Misiones;Santo Pipó;662;17.190
2010;5;Mayo;Corrientes;Colonia Liebig;390;10.123
2010;5;Mayo;Corrientes;Gobernador Virasoro;346;8.977
2010;5;Mayo;Misiones;Apóstoles;3.974;103.140
2010;5;Mayo;Misiones;Montecarlo;994;25.785
2010;5;Mayo;Misiones;Oberá;464;12.033
2010;5;Mayo;Misiones;Otros;530;13.752
2010;5;Mayo;Misiones;Santo Pipó;662;17.190
2010;6;Junio;Corrientes;Colonia Liebig;390;10.123
2010;6;Junio;Corrientes;Gobernador Virasoro;346;8.977
2010;6;Junio;Misiones;Apóstoles;3.974;103.140
2010;6;Junio;Misiones;Montecarlo;994;25.785
2010;6;Junio;Misiones;Oberá;464;12.033
2010;6;Junio;Misiones;Otros;530;13.752
2010;6;Junio;Misiones;Santo Pipó;662;17.190
2010;7;Julio;Corrientes;Colonia Liebig;390;10.123
2010;7;Julio;Corrientes;Gobernador Virasoro;346;8.977
2010;7;Julio;Misiones;Apóstoles;3.974;103.140
2010;7;Julio;Misiones;Montecarlo;994;25.785
2010;7;Julio;Misiones;Oberá;464;12.033
2010;7;Julio;Misiones;Otros;530;13.752
2010;7;Julio;Misiones;Santo Pipó;662;17.190
2010;8;Agosto;Corrientes;Colonia Liebig;390;10.123
2010;8;Agosto;Corrientes;Gobernador Virasoro;346;8.977
2010;8;Agosto;Misiones;Apóstoles;3.974;103.140
2010;8;Agosto;Misiones;Montecarlo;994;25.785
2010;8;Agosto;Misiones;Oberá;464;12.033
2010;8;Agosto;Misiones;Otros;530;13.752
2010;8;Agosto;Misiones;Santo Pipó;662;17.190
2010;9;Septiembre;Corrientes;Colonia Liebig;390;10.123
2010;9;Septiembre;Corrientes;Gobernador Virasoro;346;8.977
2010;9;Septiembre;Misiones;Apóstoles;3.974;103.140
2010;9;Septiembre;Misiones;Montecarlo;994;25.785
2010;9;Septiembre;Misiones;Oberá;464;12.033
2010;9;Septiembre;Misiones;Otros;530;13.752
2010;9;Septiembre;Misiones;Santo Pipó;662;17.190
2010;10;Octubre;Corrientes;Colonia Liebig;390;10.123
2010;10;Octubre;Corrientes;Gobernador Virasoro;346;8.977
2010;10;Octubre;Misiones;Apóstoles;3.974;103.140
2010;10;Octubre;Misiones;Montecarlo;994;25.785
2010;10;Octubre;Misiones;Oberá;464;12.033
2010;10;Octubre;Misiones;Otros;530;13.752
2010;10;Octubre;Misiones;Santo Pipó;662;17.190
2010;11;Noviembre;Corrientes;Colonia Liebig;390;10.123
2010;11;Noviembre;Corrientes;Gobernador Virasoro;346;8.977
2010;11;Noviembre;Misiones;Apóstoles;3.974;103.140
2010;11;Noviembre;Misiones;Montecarlo;994;25.785
2010;11;Noviembre;Misiones;Oberá;464;12.033
2010;11;Noviembre;Misiones;Otros;530;13.752
2010;11;Noviembre;Misiones;Santo Pipó;662;17.190
2010;12;Diciembre;Corrientes;Colonia Liebig;390;10.123
2010;12;Diciembre;Corrientes;Gobernador Virasoro;346;8.977
2010;12;Diciembre;Misiones;Apóstoles;3.974;103.140
2010;12;Diciembre;Misiones;Montecarlo;994;25.785
2010;12;Diciembre;Misiones;Oberá;464;12.033
2010;12;Diciembre;Misiones;Otros;530;13.752
2010;12;Diciembre;Misiones;Santo Pipó;662;17.190
2011;1;Enero;Corrientes;Colonia Liebig;400;10.123
2011;1;Enero;Corrientes;Gobernador Virasoro;354;8.977
2011;1;Enero;Misiones;Apóstoles;;103.140
2011;1;Enero;Misiones;Montecarlo;;25.785
2011;1;Enero;Misiones;Oberá;475;12.033
2011;1;Enero;Misiones;Otros;;13.752
2011;1;Enero;Misiones;Santo Pipó;679;17.190
2011;2;Febrero;Corrientes;Colonia Liebig;400;10.123
2011;2;Febrero;Corrientes;Gobernador Virasoro;354;8.977
2011;2;Febrero;Misiones;Apóstoles;;103.140
2011;2;Febrero;Misiones;Montecarlo;;25.785
2011;2;Febrero;Misiones;Oberá;475;12.033
2011;2;Febrero;Misiones;Otros;;13.752
2011;2;Febrero;Misiones;Santo Pipó;679;17.190
2011;3;Marzo;Corrientes;Colonia Liebig;400;10.123
2011;3;Marzo;Corrientes;Gobernador Virasoro;354;8.977
2011;3;Marzo;Misiones;Apóstoles;;103.140
2011;3;Marzo;Misiones;Montecarlo;;25.785
2011;3;Marzo;Misiones;Oberá;475;12.033
2011;3;Marzo;Misiones;Otros;;13.752
2011;3;Marzo;Misiones;Santo Pipó;679;17.190
2011;4;Abril;Corrientes;Colonia Liebig;400;10.123
2011;4;Abril;Corrientes;Gobernador Virasoro;354;8.977
2011;4;Abril;Misiones;Apóstoles;;103.140
2011;4;Abril;Misiones;Montecarlo;;25.785
2011;4;Abril;Misiones;Oberá;475;12.033
2011;4;Abril;Misiones;Otros;;13.752
2011;4;Abril;Misiones;Santo Pipó;679;17.190
2011;5;Mayo;Corrientes;Colonia Liebig;400;10.123
2011;5;Mayo;Corrientes;Gobernador Virasoro;354;8.977
2011;5;Mayo;Misiones;Apóstoles;;103.140
2011;5;Mayo;Misiones;Montecarlo;;25.785
2011;5;Mayo;Misiones;Oberá;475;12.033
2011;5;Mayo;Misiones;Otros;;13.752
2011;5;Mayo;Misiones;Santo Pipó;679;17.190
2011;6;Junio;Corrientes;Colonia Liebig;400;10.123
2011;6;Junio;Corrientes;Gobernador Virasoro;354;8.977
2011;6;Junio;Misiones;Apóstoles;;103.140
2011;6;Junio;Misiones;Montecarlo;;25.785
2011;6;Junio;Misiones;Oberá;475;12.033
2011;6;Junio;Misiones;Otros;;13.752
2011;6;Junio;Misiones;Santo Pipó;679;17.190
2011;7;Julio;Corrientes;Colonia Liebig;400;10.123
2011;7;Julio;Corrientes;Gobernador Virasoro;354;8.977
2011;7;Julio;Misiones;Apóstoles;;103.140
2011;7;Julio;Misiones;Montecarlo;;25.785
2011;7;Julio;Misiones;Oberá;475;12.033
2011;7;Julio;Misiones;Otros;;13.752
2011;7;Julio;Misiones;Santo Pipó;679;17.190
2011;8;Agosto;Corrientes;Colonia Liebig;400;10.123
2011;8;Agosto;Corrientes;Gobernador Virasoro;354;8.977
2011;8;Agosto;Misiones;Apóstoles;;103.140
2011;8;Agosto;Misiones;Montecarlo;;25.785
2011;8;Agosto;Misiones;Oberá;475;12.033
2011;8;Agosto;Misiones;Otros;;13.752
2011;8;Agosto;Misiones;Santo Pipó;679;17.190
2011;9;Septiembre;Corrientes;Colonia Liebig;400;10.123
2011;9;Septiembre;Corrientes;Gobernador Virasoro;354;8.977
2011;9;Septiembre;Misiones;Apóstoles;;103.140
2011;9;Septiembre;Misiones;Montecarlo;;25.785
2011;9;Septiembre;Misiones;Oberá;475;12.033
2011;9;Septiembre;Misiones;Otros;;13.752
2011;9;Septiembre;Misiones;Santo Pipó;679;17.190
2011;10;Octubre;Corrientes;Colonia Liebig;400;10.123
2011;10;Octubre;Corrientes;Gobernador Virasoro;354;8.977
2011;10;Octubre;Misiones;Apóstoles;;103.140
2011;10;Octubre;Misiones;Montecarlo;;25.785
2011;10;Octubre;Misiones;Oberá;475;12.033
2011;10;Octubre;Misiones;Otros;;13.752
2011;10;Octubre;Misiones;Santo Pipó;679;17.190
2011;11;Noviembre;Corrientes;Colonia Liebig;400;10.123
2011;11;Noviembre;Corrientes;Gobernador Virasoro;354;8.977
2011;11;Noviembre;Misiones;Apóstoles;;103.140
2011;11;Noviembre;Misiones;Montecarlo;;25.785
2011;11;Noviembre;Misiones;Oberá;475;12.033
2011;11;Noviembre;Misiones;Otros;;13.752
2011;11;Noviembre;Misiones;Santo Pipó;679;17.190
2011;12;Diciembre;Corrientes;Colonia Liebig;400;10.123
2011;12;Diciembre;Corrientes;Gobernador Virasoro;354;8.977
2011;12;Diciembre;Misiones;Apóstoles;;103.140
2011;12;Diciembre;Misiones;Montecarlo;;25.785
2011;12;Diciembre;Misiones;Oberá;475;12.033
2011;12;Diciembre;Misiones;Otros;;13.752
2011;12;Diciembre;Misiones;Santo Pipó;679;17.190
2012;1;Enero;Corrientes;Colonia Liebig;409;10.123
2012;1;Enero;Corrientes;Gobernador Virasoro;363;8.977
2012;1;Enero;Misiones;Apóstoles;;103.140
2012;1;Enero;Misiones;Montecarlo;;25.785
2012;1;Enero;Misiones;Oberá;486;12.033
2012;1;Enero;Misiones;Otros;;13.752
2012;1;Enero;Misiones;Santo Pipó;;17.190
2012;2;Febrero;Corrientes;Colonia Liebig;409;10.123
2012;2;Febrero;Corrientes;Gobernador Virasoro;363;8.977
2012;2;Febrero;Misiones;Apóstoles;;103.140
2012;2;Febrero;Misiones;Montecarlo;;25.785
2012;2;Febrero;Misiones;Oberá;486;12.033
2012;2;Febrero;Misiones;Otros;;13.752
2012;2;Febrero;Misiones;Santo Pipó;;17.190
2012;3;Marzo;Corrientes;Colonia Liebig;409;10.123
2012;3;Marzo;Corrientes;Gobernador Virasoro;363;8.977
2012;3;Marzo;Misiones;Apóstoles;;103.140
2012;3;Marzo;Misiones;Montecarlo;;25.785
2012;3;Marzo;Misiones;Oberá;486;12.033
2012;3;Marzo;Misiones;Otros;;13.752
2012;3;Marzo;Misiones;Santo Pipó;;17.190
2012;4;Abril;Corrientes;Colonia Liebig;409;10.123
2012;4;Abril;Corrientes;Gobernador Virasoro;363;8.977
2012;4;Abril;Misiones;Apóstoles;;103.140
2012;4;Abril;Misiones;Montecarlo;;25.785
2012;4;Abril;Misiones;Oberá;486;12.033
2012;4;Abril;Misiones;Otros;;13.752
2012;4;Abril;Misiones;Santo Pipó;;17.190
2012;5;Mayo;Corrientes;Colonia Liebig;409;10.123
2012;5;Mayo;Corrientes;Gobernador Virasoro;363;8.977
2012;5;Mayo;Misiones;Apóstoles;;103.140
2012;5;Mayo;Misiones;Montecarlo;;25.785
2012;5;Mayo;Misiones;Oberá;486;12.033
2012;5;Mayo;Misiones;Otros;;13.752
2012;5;Mayo;Misiones;Santo Pipó;;17.190
2012;6;Junio;Corrientes;Colonia Liebig;409;10.123
2012;6;Junio;Corrientes;Gobernador Virasoro;363;8.977
2012;6;Junio;Misiones;Apóstoles;;103.140
2012;6;Junio;Misiones;Montecarlo;;25.785
2012;6;Junio;Misiones;Oberá;486;12.033
2012;6;Junio;Misiones;Otros;;13.752
2012;6;Junio;Misiones;Santo Pipó;;17.190
2012;7;Julio;Corrientes;Colonia Liebig;409;10.123
2012;7;Julio;Corrientes;Gobernador Virasoro;363;8.977
2012;7;Julio;Misiones;Apóstoles;;103.140
2012;7;Julio;Misiones;Montecarlo;;25.785
2012;7;Julio;Misiones;Oberá;486;12.033
2012;7;Julio;Misiones;Otros;;13.752
2012;7;Julio;Misiones;Santo Pipó;;17.190
2012;8;Agosto;Corrientes;Colonia Liebig;409;10.123
2012;8;Agosto;Corrientes;Gobernador Virasoro;363;8.977
2012;8;Agosto;Misiones;Apóstoles;;103.140
2012;8;Agosto;Misiones;Montecarlo;;25.785
2012;8;Agosto;Misiones;Oberá;486;12.033
2012;8;Agosto;Misiones;Otros;;13.752
2012;8;Agosto;Misiones;Santo Pipó;;17.190
2012;9;Septiembre;Corrientes;Colonia Liebig;409;10.123
2012;9;Septiembre;Corrientes;Gobernador Virasoro;363;8.977
2012;9;Septiembre;Misiones;Apóstoles;;103.140
2012;9;Septiembre;Misiones;Montecarlo;;25.785
2012;9;Septiembre;Misiones;Oberá;486;12.033
2012;9;Septiembre;Misiones;Otros;;13.752
2012;9;Septiembre;Misiones;Santo Pipó;;17.190
2012;10;Octubre;Corrientes;Colonia Liebig;409;10.123
2012;10;Octubre;Corrientes;Gobernador Virasoro;363;8.977
2012;10;Octubre;Misiones;Apóstoles;;103.140
2012;10;Octubre;Misiones;Montecarlo;;25.785
2012;10;Octubre;Misiones;Oberá;486;12.033
2012;10;Octubre;Misiones;Otros;;13.752
2012;10;Octubre;Misiones;Santo Pipó;;17.190
2012;11;Noviembre;Corrientes;Colonia Liebig;409;10.123
2012;11;Noviembre;Corrientes;Gobernador Virasoro;363;8.977
2012;11;Noviembre;Misiones;Apóstoles;;103.140
2012;11;Noviembre;Misiones;Montecarlo;;25.785
2012;11;Noviembre;Misiones;Oberá;486;12.033
2012;11;Noviembre;Misiones;Otros;;13.752
2012;11;Noviembre;Misiones;Santo Pipó;;17.190
2012;12;Diciembre;Corrientes;Colonia Liebig;409;10.123
2012;12;Diciembre;Corrientes;Gobernador Virasoro;363;8.977
2012;12;Diciembre;Misiones;Apóstoles;;103.140
2012;12;Diciembre;Misiones;Montecarlo;;25.785
2012;12;Diciembre;Misiones;Oberá;486;12.033
2012;12;Diciembre;Misiones;Otros;;13.752
2012;12;Diciembre;Misiones;Santo Pipó;;17.190
2013;1;Enero;Corrientes;Colonia Liebig;419;10.123
2013;1;Enero;Corrientes;Gobernador Virasoro;371;8.977
2013;1;Enero;Misiones;Apóstoles;;103.140
2013;1;Enero;Misiones;Montecarlo;1.066;25.785
2013;1;Enero;Misiones;Oberá;498;12.033
2013;1;Enero;Misiones;Otros;;13.752
2013;1;Enero;Misiones;Santo Pipó;;17.190
2013;2;Febrero;Corrientes;Colonia Liebig;419;10.123
2013;2;Febrero;Corrientes;Gobernador Virasoro;371;8.977
2013;2;Febrero;Misiones;Apóstoles;;103.140
2013;2;Febrero;Misiones;Montecarlo;1.066;25.785
2013;2;Febrero;Misiones;Oberá;498;12.033
2013;2;Febrero;Misiones;Otros;;13.752
2013;2;Febrero;Misiones;Santo Pipó;;17.190
2013;3;Marzo;Corrientes;Colonia Liebig;419;10.123
2013;3;Marzo;Corrientes;Gobernador Virasoro;371;8.977
2013;3;Marzo;Misiones;Apóstoles;;103.140
2013;3;Marzo;Misiones;Montecarlo;1.066;25.785
2013;3;Marzo;Misiones;Oberá;498;12.033
2013;3;Marzo;Misiones;Otros;;13.752
2013;3;Marzo;Misiones;Santo Pipó;;17.190
2013;4;Abril;Corrientes;Colonia Liebig;419;10.123
2013;4;Abril;Corrientes;Gobernador Virasoro;371;8.977
2013;4;Abril;Misiones;Apóstoles;;103.140
2013;4;Abril;Misiones;Montecarlo;1.066;25.785
2013;4;Abril;Misiones;Oberá;498;12.033
2013;4;Abril;Misiones;Otros;;13.752
2013;4;Abril;Misiones;Santo Pipó;;17.190
2013;5;Mayo;Corrientes;Colonia Liebig;419;10.123
2013;5;Mayo;Corrientes;Gobernador Virasoro;371;8.977
2013;5;Mayo;Misiones;Apóstoles;;103.140
2013;5;Mayo;Misiones;Montecarlo;1.066;25.785
2013;5;Mayo;Misiones;Oberá;498;12.033
2013;5;Mayo;Misiones;Otros;;13.752
2013;5;Mayo;Misiones;Santo Pipó;;17.190
2013;6;Junio;Corrientes;Colonia Liebig;419;10.123
2013;6;Junio;Corrientes;Gobernador Virasoro;371;8.977
2013;6;Junio;Misiones;Apóstoles;;103.140
2013;6;Junio;Misiones;Montecarlo;1.066;25.785
2013;6;Junio;Misiones;Oberá;498;12.033
2013;6;Junio;Misiones;Otros;;13.752
2013;6;Junio;Misiones;Santo Pipó;;17.190
2013;7;Julio;Corrientes;Colonia Liebig;419;10.123
2013;7;Julio;Corrientes;Gobernador Virasoro;371;8.977
2013;7;Julio;Misiones;Apóstoles;;103.140
2013;7;Julio;Misiones;Montecarlo;1.066;25.785
2013;7;Julio;Misiones;Oberá;498;12.033
2013;7;Julio;Misiones;Otros;;13.752
2013;7;Julio;Misiones;Santo Pipó;;17.190
2013;8;Agosto;Corrientes;Colonia Liebig;419;10.123
2013;8;Agosto;Corrientes;Gobernador Virasoro;371;8.977
2013;8;Agosto;Misiones;Apóstoles;;103.140
2013;8;Agosto;Misiones;Montecarlo;1.066;25.785
2013;8;Agosto;Misiones;Oberá;498;12.033
2013;8;Agosto;Misiones;Otros;;13.752
2013;8;Agosto;Misiones;Santo Pipó;;17.190
2013;9;Septiembre;Corrientes;Colonia Liebig;419;10.123
2013;9;Septiembre;Corrientes;Gobernador Virasoro;371;8.977
2013;9;Septiembre;Misiones;Apóstoles;;103.140
2013;9;Septiembre;Misiones;Montecarlo;1.066;25.785
2013;9;Septiembre;Misiones;Oberá;498;12.033
2013;9;Septiembre;Misiones;Otros;;13.752
2013;9;Septiembre;Misiones;Santo Pipó;;17.190
2013;10;Octubre;Corrientes;Colonia Liebig;419;10.123
2013;10;Octubre;Corrientes;Gobernador Virasoro;371;8.977
2013;10;Octubre;Misiones;Apóstoles;;103.140
2013;10;Octubre;Misiones;Montecarlo;1.066;25.785
2013;10;Octubre;Misiones;Oberá;498;12.033
2013;10;Octubre;Misiones;Otros;;13.752
2013;10;Octubre;Misiones;Santo Pipó;;17.190
2013;11;Noviembre;Corrientes;Colonia Liebig;419;10.123
2013;11;Noviembre;Corrientes;Gobernador Virasoro;371;8.977
2013;11;Noviembre;Misiones;Apóstoles;;103.140
2013;11;Noviembre;Misiones;Montecarlo;1.066;25.785
2013;11;Noviembre;Misiones;Oberá;498;12.033
2013;11;Noviembre;Misiones;Otros;;13.752
2013;11;Noviembre;Misiones;Santo Pipó;;17.190
2013;12;Diciembre;Corrientes;Colonia Liebig;419;10.123
2013;12;Diciembre;Corrientes;Gobernador Virasoro;371;8.977
2013;12;Diciembre;Misiones;Apóstoles;;103.140
2013;12;Diciembre;Misiones;Montecarlo;1.066;25.785
2013;12;Diciembre;Misiones;Oberá;498;12.033
2013;12;Diciembre;Misiones;Otros;;13.752
2013;12;Diciembre;Misiones;Santo Pipó;;17.190
2014;1;Enero;Corrientes;Colonia Liebig;428;10.123
2014;1;Enero;Corrientes;Gobernador Virasoro;380;8.977
2014;1;Enero;Misiones;Apóstoles;;103.140
2014;1;Enero;Misiones;Montecarlo;1.091;25.785
2014;1;Enero;Misiones;Oberá;509;12.033
2014;1;Enero;Misiones;Otros;;13.752
2014;1;Enero;Misiones;Santo Pipó;;17.190
2014;2;Febrero;Corrientes;Colonia Liebig;428;10.123
2014;2;Febrero;Corrientes;Gobernador Virasoro;380;8.977
2014;2;Febrero;Misiones;Apóstoles;;103.140
2014;2;Febrero;Misiones;Montecarlo;1.091;25.785
2014;2;Febrero;Misiones;Oberá;509;12.033
2014;2;Febrero;Misiones;Otros;;13.752
2014;2;Febrero;Misiones;Santo Pipó;;17.190
2014;3;Marzo;Corrientes;Colonia Liebig;428;10.123
2014;3;Marzo;Corrientes;Gobernador Virasoro;380;8.977
2014;3;Marzo;Misiones;Apóstoles;;103.140
2014;3;Marzo;Misiones;Montecarlo;1.091;25.785
2014;3;Marzo;Misiones;Oberá;509;12.033
2014;3;Marzo;Misiones;Otros;;13.752
2014;3;Marzo;Misiones;Santo Pipó;;17.190
2014;4;Abril;Corrientes;Colonia Liebig;428;10.123
2014;4;Abril;Corrientes;Gobernador Virasoro;380;8.977
2014;4;Abril;Misiones;Apóstoles;;103.140
2014;4;Abril;Misiones;Montecarlo;1.091;25.785
2014;4;Abril;Misiones;Oberá;509;12.033
2014;4;Abril;Misiones;Otros;;13.752
2014;4;Abril;Misiones;Santo Pipó;;17.190
2014;5;Mayo;Corrientes;Colonia Liebig;428;10.123
2014;5;Mayo;Corrientes;Gobernador Virasoro;380;8.977
2014;5;Mayo;Misiones;Apóstoles;;103.140
2014;5;Mayo;Misiones;Montecarlo;1.091;25.785
2014;5;Mayo;Misiones;Oberá;509;12.033
2014;5;Mayo;Misiones;Otros;;13.752
2014;5;Mayo;Misiones;Santo Pipó;;17.190
2014;6;Junio;Corrientes;Colonia Liebig;428;10.123
2014;6;Junio;Corrientes;Gobernador Virasoro;380;8.977
2014;6;Junio;Misiones;Apóstoles;;103.140
2014;6;Junio;Misiones;Montecarlo;1.091;25.785
2014;6;Junio;Misiones;Oberá;509;12.033
2014;6;Junio;Misiones;Otros;;13.752
2014;6;Junio;Misiones;Santo Pipó;;17.190
2014;7;Julio;Corrientes;Colonia Liebig;428;10.123
2014;7;Julio;Corrientes;Gobernador Virasoro;380;8.977
2014;7;Julio;Misiones;Apóstoles;;103.140
2014;7;Julio;Misiones;Montecarlo;1.091;25.785
2014;7;Julio;Misiones;Oberá;509;12.033
2014;7;Julio;Misiones;Otros;;13.752
2014;7;Julio;Misiones;Santo Pipó;;17.190
2014;8;Agosto;Corrientes;Colonia Liebig;428;10.123
2014;8;Agosto;Corrientes;Gobernador Virasoro;380;8.977
2014;8;Agosto;Misiones;Apóstoles;;103.140
2014;8;Agosto;Misiones;Montecarlo;1.091;25.785
2014;8;Agosto;Misiones;Oberá;509;12.033
2014;8;Agosto;Misiones;Otros;;13.752
2014;8;Agosto;Misiones;Santo Pipó;;17.190
2014;9;Septiembre;Corrientes;Colonia Liebig;428;10.123
2014;9;Septiembre;Corrientes;Gobernador Virasoro;380;8.977
2014;9;Septiembre;Misiones;Apóstoles;;103.140
2014;9;Septiembre;Misiones;Montecarlo;1.091;25.785
2014;9;Septiembre;Misiones;Oberá;509;12.033
2014;9;Septiembre;Misiones;Otros;;13.752
2014;9;Septiembre;Misiones;Santo Pipó;;17.190
2014;10;Octubre;Corrientes;Colonia Liebig;428;10.123
2014;10;Octubre;Corrientes;Gobernador Virasoro;380;8.977
2014;10;Octubre;Misiones;Apóstoles;;103.140
2014;10;Octubre;Misiones;Montecarlo;1.091;25.785
2014;10;Octubre;Misiones;Oberá;509;12.033
2014;10;Octubre;Misiones;Otros;;13.752
2014;10;Octubre;Misiones;Santo Pipó;;17.190
2014;11;Noviembre;Corrientes;Colonia Liebig;428;10.123
2014;11;Noviembre;Corrientes;Gobernador Virasoro;380;8.977
2014;11;Noviembre;Misiones;Apóstoles;;103.140
2014;11;Noviembre;Misiones;Montecarlo;1.091;25.785
2014;11;Noviembre;Misiones;Oberá;509;12.033
2014;11;Noviembre;Misiones;Otros;;13.752
2014;11;Noviembre;Misiones;Santo Pipó;;17.190
2014;12;Diciembre;Corrientes;Colonia Liebig;428;10.123
2014;12;Diciembre;Corrientes;Gobernador Virasoro;380;8.977
2014;12;Diciembre;Misiones;Apóstoles;;103.140
2014;12;Diciembre;Misiones;Montecarlo;1.091;25.785
2014;12;Diciembre;Misiones;Oberá;509;12.033
2014;12;Diciembre;Misiones;Otros;;13.752
2014;12;Diciembre;Misiones;Santo Pipó;;17.190
2015;1;Enero;Corrientes;Colonia Liebig;438;10.123
2015;1;Enero;Corrientes;Gobernador Virasoro;388;8.977
2015;1;Enero;Misiones;Apóstoles;;103.140
2015;1;Enero;Misiones;Montecarlo;;25.785
2015;1;Enero;Misiones;Oberá;520;12.033
2015;1;Enero;Misiones;Otros;595;13.752
2015;1;Enero;Misiones;Santo Pipó;;17.190
2015;2;Febrero;Corrientes;Colonia Liebig;438;10.123
2015;2;Febrero;Corrientes;Gobernador Virasoro;388;8.977
2015;2;Febrero;Misiones;Apóstoles;;103.140
2015;2;Febrero;Misiones;Montecarlo;;25.785
2015;2;Febrero;Misiones;Oberá;520;12.033
2015;2;Febrero;Misiones;Otros;595;13.752
2015;2;Febrero;Misiones;Santo Pipó;;17.190
2015;3;Marzo;Corrientes;Colonia Liebig;438;10.123
2015;3;Marzo;Corrientes;Gobernador Virasoro;388;8.977
2015;3;Marzo;Misiones;Apóstoles;;103.140
2015;3;Marzo;Misiones;Montecarlo;;25.785
2015;3;Marzo;Misiones;Oberá;520;12.033
2015;3;Marzo;Misiones;Otros;595;13.752
2015;3;Marzo;Misiones;Santo Pipó;;17.190
2015;4;Abril;Corrientes;Colonia Liebig;438;10.123
2015;4;Abril;Corrientes;Gobernador Virasoro;388;8.977
2015;4;Abril;Misiones;Apóstoles;;103.140
2015;4;Abril;Misiones;Montecarlo;;25.785
2015;4;Abril;Misiones;Oberá;520;12.033
2015;4;Abril;Misiones;Otros;595;13.752
2015;4;Abril;Misiones;Santo Pipó;;17.190
2015;5;Mayo;Corrientes;Colonia Liebig;438;10.123
2015;5;Mayo;Corrientes;Gobernador Virasoro;388;8.977
2015;5;Mayo;Misiones;Apóstoles;;103.140
2015;5;Mayo;Misiones;Montecarlo;;25.785
2015;5;Mayo;Misiones;Oberá;520;12.033
2015;5;Mayo;Misiones;Otros;595;13.752
2015;5;Mayo;Misiones;Santo Pipó;;17.190
2015;6;Junio;Corrientes;Colonia Liebig;438;10.123
2015;6;Junio;Corrientes;Gobernador Virasoro;388;8.977
2015;6;Junio;Misiones;Apóstoles;;103.140
2015;6;Junio;Misiones;Montecarlo;;25.785
2015;6;Junio;Misiones;Oberá;520;12.033
2015;6;Junio;Misiones;Otros;595;13.752
2015;6;Junio;Misiones;Santo Pipó;;17.190
2015;7;Julio;Corrientes;Colonia Liebig;438;10.123
2015;7;Julio;Corrientes;Gobernador Virasoro;388;8.977
2015;7;Julio;Misiones;Apóstoles;;103.140
2015;7;Julio;Misiones;Montecarlo;;25.785
2015;7;Julio;Misiones;Oberá;520;12.033
2015;7;Julio;Misiones;Otros;595;13.752
2015;7;Julio;Misiones;Santo Pipó;;17.190
2015;8;Agosto;Corrientes;Colonia Liebig;438;10.123
2015;8;Agosto;Corrientes;Gobernador Virasoro;388;8.977
2015;8;Agosto;Misiones;Apóstoles;;103.140
2015;8;Agosto;Misiones;Montecarlo;;25.785
2015;8;Agosto;Misiones;Oberá;520;12.033
2015;8;Agosto;Misiones;Otros;595;13.752
2015;8;Agosto;Misiones;Santo Pipó;;17.190
2015;9;Septiembre;Corrientes;Colonia Liebig;438;10.123
2015;9;Septiembre;Corrientes;Gobernador Virasoro;388;8.977
2015;9;Septiembre;Misiones;Apóstoles;;103.140
2015;9;Septiembre;Misiones;Montecarlo;;25.785
2015;9;Septiembre;Misiones;Oberá;520;12.033
2015;9;Septiembre;Misiones;Otros;595;13.752
2015;9;Septiembre;Misiones;Santo Pipó;;17.190
2015;10;Octubre;Corrientes;Colonia Liebig;438;10.123
2015;10;Octubre;Corrientes;Gobernador Virasoro;388;8.977
2015;10;Octubre;Misiones;Apóstoles;;103.140
2015;10;Octubre;Misiones;Montecarlo;;25.785
2015;10;Octubre;Misiones;Oberá;520;12.033
2015;10;Octubre;Misiones;Otros;595;13.752
2015;10;Octubre;Misiones;Santo Pipó;;17.190
2015;11;Noviembre;Corrientes;Colonia Liebig;438;10.123
2015;11;Noviembre;Corrientes;Gobernador Virasoro;388;8.977
2015;11;Noviembre;Misiones;Apóstoles;;103.140
2015;11;Noviembre;Misiones;Montecarlo;;25.785
2015;11;Noviembre;Misiones;Oberá;520;12.033
2015;11;Noviembre;Misiones;Otros;595;13.752
2015;11;Noviembre;Misiones;Santo Pipó;;17.190
2015;12;Diciembre;Corrientes;Colonia Liebig;438;10.123
2015;12;Diciembre;Corrientes;Gobernador Virasoro;388;8.977
2015;12;Diciembre;Misiones;Apóstoles;;103.140
2015;12;Diciembre;Misiones;Montecarlo;;25.785
2015;12;Diciembre;Misiones;Oberá;520;12.033
2015;12;Diciembre;Misiones;Otros;595;13.752
2015;12;Diciembre;Misiones;Santo Pipó;;17.190
2016;1;Enero;Corrientes;Colonia Liebig;447;10.123
2016;1;Enero;Corrientes;Gobernador Virasoro;397;8.977
2016;1;Enero;Misiones;Apóstoles;;103.140
2016;1;Enero;Misiones;Montecarlo;;25.785
2016;1;Enero;Misiones;Oberá;532;12.033
2016;1;Enero;Misiones;Otros;607;13.752
2016;1;Enero;Misiones;Santo Pipó;;17.190
2016;2;Febrero;Corrientes;Colonia Liebig;447;10.123
2016;2;Febrero;Corrientes;Gobernador Virasoro;397;8.977
2016;2;Febrero;Misiones;Apóstoles;;103.140
2016;2;Febrero;Misiones;Montecarlo;;25.785
2016;2;Febrero;Misiones;Oberá;532;12.033
2016;2;Febrero;Misiones;Otros;607;13.752
2016;2;Febrero;Misiones;Santo Pipó;;17.190
2016;3;Marzo;Corrientes;Colonia Liebig;447;10.123
2016;3;Marzo;Corrientes;Gobernador Virasoro;397;8.977
2016;3;Marzo;Misiones;Apóstoles;;103.140
2016;3;Marzo;Misiones;Montecarlo;;25.785
2016;3;Marzo;Misiones;Oberá;532;12.033
2016;3;Marzo;Misiones;Otros;607;13.752
2016;3;Marzo;Misiones;Santo Pipó;;17.190
2016;4;Abril;Corrientes;Colonia Liebig;447;10.123
2016;4;Abril;Corrientes;Gobernador Virasoro;397;8.977
2016;4;Abril;Misiones;Apóstoles;;103.140
2016;4;Abril;Misiones;Montecarlo;;25.785
2016;4;Abril;Misiones;Oberá;532;12.033
2016;4;Abril;Misiones;Otros;607;13.752
2016;4;Abril;Misiones;Santo Pipó;;17.190
2016;5;Mayo;Corrientes;Colonia Liebig;447;10.123
2016;5;Mayo;Corrientes;Gobernador Virasoro;397;8.977
2016;5;Mayo;Misiones;Apóstoles;;103.140
2016;5;Mayo;Misiones;Montecarlo;;25.785
2016;5;Mayo;Misiones;Oberá;532;12.033
2016;5;Mayo;Misiones;Otros;607;13.752
2016;5;Mayo;Misiones;Santo Pipó;;17.190
2016;6;Junio;Corrientes;Colonia Liebig;447;10.123
2016;6;Junio;Corrientes;Gobernador Virasoro;397;8.977
2016;6;Junio;Misiones;Apóstoles;;103.140
2016;6;Junio;Misiones;Montecarlo;;25.785
2016;6;Junio;Misiones;Oberá;532;12.033
2016;6;Junio;Misiones;Otros;607;13.752
2016;6;Junio;Misiones;Santo Pipó;;17.190
2016;7;Julio;Corrientes;Colonia Liebig;447;10.123
2016;7;Julio;Corrientes;Gobernador Virasoro;397;8.977
2016;7;Julio;Misiones;Apóstoles;;103.140
2016;7;Julio;Misiones;Montecarlo;;25.785
2016;7;Julio;Misiones;Oberá;532;12.033
2016;7;Julio;Misiones;Otros;607;13.752
2016;7;Julio;Misiones;Santo Pipó;;17.190
2016;8;Agosto;Corrientes;Colonia Liebig;447;10.123
2016;8;Agosto;Corrientes;Gobernador Virasoro;397;8.977
2016;8;Agosto;Misiones;Apóstoles;;103.140
2016;8;Agosto;Misiones;Montecarlo;;25.785
2016;8;Agosto;Misiones;Oberá;532;12.033
2016;8;Agosto;Misiones;Otros;607;13.752
2016;8;Agosto;Misiones;Santo Pipó;;17.190
2016;9;Septiembre;Corrientes;Colonia Liebig;447;10.123
2016;9;Septiembre;Corrientes;Gobernador Virasoro;397;8.977
2016;9;Septiembre;Misiones;Apóstoles;;103.140
2016;9;Septiembre;Misiones;Montecarlo;;25.785
2016;9;Septiembre;Misiones;Oberá;532;12.033
2016;9;Septiembre;Misiones;Otros;607;13.752
2016;9;Septiembre;Misiones;Santo Pipó;;17.190
2016;10;Octubre;Corrientes;Colonia Liebig;447;10.123
2016;10;Octubre;Corrientes;Gobernador Virasoro;397;8.977
2016;10;Octubre;Misiones;Apóstoles;;103.140
2016;10;Octubre;Misiones;Montecarlo;;25.785
2016;10;Octubre;Misiones;Oberá;532;12.033
2016;10;Octubre;Misiones;Otros;607;13.752
2016;10;Octubre;Misiones;Santo Pipó;;17.190
2016;11;Noviembre;Corrientes;Colonia Liebig;447;10.123
2016;11;Noviembre;Corrientes;Gobernador Virasoro;397;8.977
2016;11;Noviembre;Misiones;Apóstoles;;103.140
2016;11;Noviembre;Misiones;Montecarlo;;25.785
2016;11;Noviembre;Misiones;Oberá;532;12.033
2016;11;Noviembre;Misiones;Otros;607;13.752
2016;11;Noviembre;Misiones;Santo Pipó;;17.190
2016;12;Diciembre;Corrientes;Colonia Liebig;447;10.123
2016;12;Diciembre;Corrientes;Gobernador Virasoro;397;8.977
2016;12;Diciembre;Misiones;Apóstoles;;103.140
2016;12;Diciembre;Misiones;Montecarlo;;25.785
2016;12;Diciembre;Misiones;Oberá;532;12.033
2016;12;Diciembre;Misiones;Otros;607;13.752
2016;12;Diciembre;Misiones;Santo Pipó;;17.190
2017;1;Enero;Corrientes;Colonia Liebig;457;10.691
2017;1;Enero;Corrientes;Gobernador Virasoro;405;9.481
2017;1;Enero;Misiones;Apóstoles;;100.477
2017;1;Enero;Misiones;Montecarlo;;25.119
2017;1;Enero;Misiones;Oberá;;11.722
2017;1;Enero;Misiones;Otros;;13.397
2017;1;Enero;Misiones;Santo Pipó;775;16.746
2017;2;Febrero;Corrientes;Colonia Liebig;457;10.691
2017;2;Febrero;Corrientes;Gobernador Virasoro;405;9.481
2017;2;Febrero;Misiones;Apóstoles;;100.477
2017;2;Febrero;Misiones;Montecarlo;;25.119
2017;2;Febrero;Misiones;Oberá;;11.722
2017;2;Febrero;Misiones;Otros;;13.397
2017;2;Febrero;Misiones;Santo Pipó;775;16.746
2017;3;Marzo;Corrientes;Colonia Liebig;457;10.691
2017;3;Marzo;Corrientes;Gobernador Virasoro;405;9.481
2017;3;Marzo;Misiones;Apóstoles;;100.477
2017;3;Marzo;Misiones;Montecarlo;;25.119
2017;3;Marzo;Misiones;Oberá;;11.722
2017;3;Marzo;Misiones;Otros;;13.397
2017;3;Marzo;Misiones;Santo Pipó;775;16.746
2017;4;Abril;Corrientes;Colonia Liebig;457;10.691
2017;4;Abril;Corrientes;Gobernador Virasoro;405;9.481
2017;4;Abril;Misiones;Apóstoles;;100.477
2017;4;Abril;Misiones;Montecarlo;;25.119
2017;4;Abril;Misiones;Oberá;;11.722
2017;4;Abril;Misiones;Otros;;13.397
2017;4;Abril;Misiones;Santo Pipó;775;16.746
2017;5;Mayo;Corrientes;Colonia Liebig;457;10.691
2017;5;Mayo;Corrientes;Gobernador Virasoro;405;9.481
2017;5;Mayo;Misiones;Apóstoles;;100.477
2017;5;Mayo;Misiones;Montecarlo;;25.119
2017;5;Mayo;Misiones;Oberá;;11.722
2017;5;Mayo;Misiones;Otros;;13.397
2017;5;Mayo;Misiones;Santo Pipó;775;16.746
2017;6;Junio;Corrientes;Colonia Liebig;457;10.691
2017;6;Junio;Corrientes;Gobernador Virasoro;405;9.481
2017;6;Junio;Misiones;Apóstoles;;100.477
2017;6;Junio;Misiones;Montecarlo;;25.119
2017;6;Junio;Misiones;Oberá;;11.722
2017;6;Junio;Misiones;Otros;;13.397
2017;6;Junio;Misiones;Santo Pipó;775;16.746
2017;7;Julio;Corrientes;Colonia Liebig;457;10.691
2017;7;Julio;Corrientes;Gobernador Virasoro;405;9.481
2017;7;Julio;Misiones;Apóstoles;;100.477
2017;7;Julio;Misiones;Montecarlo;;25.119
2017;7;Julio;Misiones;Oberá;;11.722
2017;7;Julio;Misiones;Otros;;13.397
2017;7;Julio;Misiones;Santo Pipó;775;16.746
2017;8;Agosto;Corrientes;Colonia Liebig;457;10.691
2017;8;Agosto;Corrientes;Gobernador Virasoro;405;9.481
2017;8;Agosto;Misiones;Apóstoles;;100.477
2017;8;Agosto;Misiones;Montecarlo;;25.119
2017;8;Agosto;Misiones;Oberá;;11.722
2017;8;Agosto;Misiones;Otros;;13.397
2017;8;Agosto;Misiones;Santo Pipó;775;16.746
2017;9;Septiembre;Corrientes;Colonia Liebig;457;10.691
2017;9;Septiembre;Corrientes;Gobernador Virasoro;405;9.481
2017;9;Septiembre;Misiones;Apóstoles;;100.477
2017;9;Septiembre;Misiones;Montecarlo;;25.119
2017;9;Septiembre;Misiones;Oberá;;11.722
2017;9;Septiembre;Misiones;Otros;;13.397
2017;9;Septiembre;Misiones;Santo Pipó;775;16.746
2017;10;Octubre;Corrientes;Colonia Liebig;457;10.691
2017;10;Octubre;Corrientes;Gobernador Virasoro;405;9.481
2017;10;Octubre;Misiones;Apóstoles;;100.477
2017;10;Octubre;Misiones;Montecarlo;;25.119
2017;10;Octubre;Misiones;Oberá;;11.722
2017;10;Octubre;Misiones;Otros;;13.397
2017;10;Octubre;Misiones;Santo Pipó;775;16.746
2017;11;Noviembre;Corrientes;Colonia Liebig;457;10.691
2017;11;Noviembre;Corrientes;Gobernador Virasoro;405;9.481
2017;11;Noviembre;Misiones;Apóstoles;;100.477
2017;11;Noviembre;Misiones;Montecarlo;;25.119
2017;11;Noviembre;Misiones;Oberá;;11.722
2017;11;Noviembre;Misiones;Otros;;13.397
2017;11;Noviembre;Misiones;Santo Pipó;775;16.746
2017;12;Diciembre;Corrientes;Colonia Liebig;457;10.691
2017;12;Diciembre;Corrientes;Gobernador Virasoro;405;9.481
2017;12;Diciembre;Misiones;Apóstoles;;100.477
2017;12;Diciembre;Misiones;Montecarlo;;25.119
2017;12;Diciembre;Misiones;Oberá;;11.722
2017;12;Diciembre;Misiones;Otros;;13.397
2017;12;Diciembre;Misiones;Santo Pipó;775;16.746
2018;1;Enero;Corrientes;Colonia Liebig;466;11.233
2018;1;Enero;Corrientes;Gobernador Virasoro;413;9.961
2018;1;Enero;Misiones;Apóstoles;;97.844
2018;1;Enero;Misiones;Montecarlo;1.187;24.461
2018;1;Enero;Misiones;Oberá;;11.415
2018;1;Enero;Misiones;Otros;;13.046
2018;1;Enero;Misiones;Santo Pipó;792;16.307
2018;2;Febrero;Corrientes;Colonia Liebig;466;11.233
2018;2;Febrero;Corrientes;Gobernador Virasoro;413;9.961
2018;2;Febrero;Misiones;Apóstoles;;97.844
2018;2;Febrero;Misiones;Montecarlo;1.187;24.461
2018;2;Febrero;Misiones;Oberá;;11.415
2018;2;Febrero;Misiones;Otros;;13.046
2018;2;Febrero;Misiones;Santo Pipó;792;16.307
2018;3;Marzo;Corrientes;Colonia Liebig;466;11.233
2018;3;Marzo;Corrientes;Gobernador Virasoro;413;9.961
2018;3;Marzo;Misiones;Apóstoles;;97.844
2018;3;Marzo;Misiones;Montecarlo;1.187;24.461
2018;3;Marzo;Misiones;Oberá;;11.415
2018;3;Marzo;Misiones;Otros;;13.046
2018;3;Marzo;Misiones;Santo Pipó;792;16.307
2018;4;Abril;Corrientes;Colonia Liebig;466;11.233
2018;4;Abril;Corrientes;Gobernador Virasoro;413;9.961
2018;4;Abril;Misiones;Apóstoles;;97.844
2018;4;Abril;Misiones;Montecarlo;1.187;24.461
2018;4;Abril;Misiones;Oberá;;11.415
2018;4;Abril;Misiones;Otros;;13.046
2018;4;Abril;Misiones;Santo Pipó;792;16.307
2018;5;Mayo;Corrientes;Colonia Liebig;466;11.233
2018;5;Mayo;Corrientes;Gobernador Virasoro;413;9.961
2018;5;Mayo;Misiones;Apóstoles;;97.844
2018;5;Mayo;Misiones;Montecarlo;1.187;24.461
2018;5;Mayo;Misiones;Oberá;;11.415
2018;5;Mayo;Misiones;Otros;;13.046
2018;5;Mayo;Misiones;Santo Pipó;792;16.307
2018;6;Junio;Corrientes;Colonia Liebig;466;11.233
2018;6;Junio;Corrientes;Gobernador Virasoro;413;9.961
2018;6;Junio;Misiones;Apóstoles;;97.844
2018;6;Junio;Misiones;Montecarlo;1.187;24.461
2018;6;Junio;Misiones;Oberá;;11.415
2018;6;Junio;Misiones;Otros;;13.046
2018;6;Junio;Misiones;Santo Pipó;792;16.307
2018;7;Julio;Corrientes;Colonia Liebig;466;11.233
2018;7;Julio;Corrientes;Gobernador Virasoro;413;9.961
2018;7;Julio;Misiones;Apóstoles;;97.844
2018;7;Julio;Misiones;Montecarlo;1.187;24.461
2018;7;Julio;Misiones;Oberá;;11.415
2018;7;Julio;Misiones;Otros;;13.046
2018;7;Julio;Misiones;Santo Pipó;792;16.307
2018;8;Agosto;Corrientes;Colonia Liebig;466;11.233
2018;8;Agosto;Corrientes;Gobernador Virasoro;413;9.961
2018;8;Agosto;Misiones;Apóstoles;;97.844
2018;8;Agosto;Misiones;Montecarlo;1.187;24.461
2018;8;Agosto;Misiones;Oberá;;11.415
2018;8;Agosto;Misiones;Otros;;13.046
2018;8;Agosto;Misiones;Santo Pipó;792;16.307
2018;9;Septiembre;Corrientes;Colonia Liebig;466;11.233
2018;9;Septiembre;Corrientes;Gobernador Virasoro;413;9.961
2018;9;Septiembre;Misiones;Apóstoles;;97.844
2018;9;Septiembre;Misiones;Montecarlo;1.187;24.461
2018;9;Septiembre;Misiones;Oberá;;11.415
2018;9;Septiembre;Misiones;Otros;;13.046
2018;9;Septiembre;Misiones;Santo Pipó;792;16.307
2018;10;Octubre;Corrientes;Colonia Liebig;466;11.233
2018;10;Octubre;Corrientes;Gobernador Virasoro;413;9.961
2018;10;Octubre;Misiones;Apóstoles;;97.844
2018;10;Octubre;Misiones;Montecarlo;1.187;24.461
2018;10;Octubre;Misiones;Oberá;;11.415
2018;10;Octubre;Misiones;Otros;;13.046
2018;10;Octubre;Misiones;Santo Pipó;792;16.307
2018;11;Noviembre;Corrientes;Colonia Liebig;466;11.233
2018;11;Noviembre;Corrientes;Gobernador Virasoro;413;9.961
2018;11;Noviembre;Misiones;Apóstoles;;97.844
2018;11;Noviembre;Misiones;Montecarlo;1.187;24.461
2018;11;Noviembre;Misiones;Oberá;;11.415
2018;11;Noviembre;Misiones;Otros;;13.046
2018;11;Noviembre;Misiones;Santo Pipó;792;16.307
2018;12;Diciembre;Corrientes;Colonia Liebig;466;11.233
2018;12;Diciembre;Corrientes;Gobernador Virasoro;413;9.961
2018;12;Diciembre;Misiones;Apóstoles;;97.844
2018;12;Diciembre;Misiones;Montecarlo;1.187;24.461
2018;12;Diciembre;Misiones;Oberá;;11.415
2018;12;Diciembre;Misiones;Otros;;13.046
2018;12;Diciembre;Misiones;Santo Pipó;792;16.307
2019;1;Enero;Corrientes;Colonia Liebig;476;11.748
2019;1;Enero;Corrientes;Gobernador Virasoro;422;10.418
2019;1;Enero;Misiones;Apóstoles;4.847;95.242
2019;1;Enero;Misiones;Montecarlo;1.212;23.810
2019;1;Enero;Misiones;Oberá;565;11.112
2019;1;Enero;Misiones;Otros;;12.699
2019;1;Enero;Misiones;Santo Pipó;;15.874
2019;2;Febrero;Corrientes;Colonia Liebig;476;11.748
2019;2;Febrero;Corrientes;Gobernador Virasoro;422;10.418
2019;2;Febrero;Misiones;Apóstoles;4.847;95.242
2019;2;Febrero;Misiones;Montecarlo;1.212;23.810
2019;2;Febrero;Misiones;Oberá;565;11.112
2019;2;Febrero;Misiones;Otros;;12.699
2019;2;Febrero;Misiones;Santo Pipó;;15.874
2019;3;Marzo;Corrientes;Colonia Liebig;476;11.748
2019;3;Marzo;Corrientes;Gobernador Virasoro;422;10.418
2019;3;Marzo;Misiones;Apóstoles;4.847;95.242
2019;3;Marzo;Misiones;Montecarlo;1.212;23.810
2019;3;Marzo;Misiones;Oberá;565;11.112
2019;3;Marzo;Misiones;Otros;;12.699
2019;3;Marzo;Misiones;Santo Pipó;;15.874
2019;4;Abril;Corrientes;Colonia Liebig;476;11.748
2019;4;Abril;Corrientes;Gobernador Virasoro;422;10.418
2019;4;Abril;Misiones;Apóstoles;4.847;95.242
2019;4;Abril;Misiones;Montecarlo;1.212;23.810
2019;4;Abril;Misiones;Oberá;565;11.112
2019;4;Abril;Misiones;Otros;;12.699
2019;4;Abril;Misiones;Santo Pipó;;15.874
2019;5;Mayo;Corrientes;Colonia Liebig;476;11.748
2019;5;Mayo;Corrientes;Gobernador Virasoro;422;10.418
2019;5;Mayo;Misiones;Apóstoles;4.847;95.242
2019;5;Mayo;Misiones;Montecarlo;1.212;23.810
2019;5;Mayo;Misiones;Oberá;565;11.112
2019;5;Mayo;Misiones;Otros;;12.699
2019;5;Mayo;Misiones;Santo Pipó;;15.874
2019;6;Junio;Corrientes;Colonia Liebig;476;11.748
2019;6;Junio;Corrientes;Gobernador Virasoro;422;10.418
2019;6;Junio;Misiones;Apóstoles;4.847;95.242
2019;6;Junio;Misiones;Montecarlo;1.212;23.810
2019;6;Junio;Misiones;Oberá;565;11.112
2019;6;Junio;Misiones;Otros;;12.699
2019;6;Junio;Misiones;Santo Pipó;;15.874
2019;7;Julio;Corrientes;Colonia Liebig;476;11.748
2019;7;Julio;Corrientes;Gobernador Virasoro;422;10.418
2019;7;Julio;Misiones;Apóstoles;4.847;95.242
2019;7;Julio;Misiones;Montecarlo;1.212;23.810
2019;7;Julio;Misiones;Oberá;565;11.112
2019;7;Julio;Misiones;Otros;;12.699
2019;7;Julio;Misiones;Santo Pipó;;15.874
2019;8;Agosto;Corrientes;Colonia Liebig;476;11.748
2019;8;Agosto;Corrientes;Gobernador Virasoro;422;10.418
2019;8;Agosto;Misiones;Apóstoles;4.847;95.242
2019;8;Agosto;Misiones;Montecarlo;1.212;23.810
2019;8;Agosto;Misiones;Oberá;565;11.112
2019;8;Agosto;Misiones;Otros;;12.699
2019;8;Agosto;Misiones;Santo Pipó;;15.874
2019;9;Septiembre;Corrientes;Colonia Liebig;476;11.748
2019;9;Septiembre;Corrientes;Gobernador Virasoro;422;10.418
2019;9;Septiembre;Misiones;Apóstoles;4.847;95.242
2019;9;Septiembre;Misiones;Montecarlo;1.212;23.810
2019;9;Septiembre;Misiones;Oberá;565;11.112
2019;9;Septiembre;Misiones;Otros;;12.699
2019;9;Septiembre;Misiones;Santo Pipó;;15.874
2019;10;Octubre;Corrientes;Colonia Liebig;476;11.748
2019;10;Octubre;Corrientes;Gobernador Virasoro;422;10.418
2019;10;Octubre;Misiones;Apóstoles;4.847;95.242
2019;10;Octubre;Misiones;Montecarlo;1.212;23.810
2019;10;Octubre;Misiones;Oberá;565;11.112
2019;10;Octubre;Misiones;Otros;;12.699
2019;10;Octubre;Misiones;Santo Pipó;;15.874
2019;11;Noviembre;Corrientes;Colonia Liebig;476;11.748
2019;11;Noviembre;Corrientes;Gobernador Virasoro;422;10.418
2019;11;Noviembre;Misiones;Apóstoles;4.847;95.242
2019;11;Noviembre;Misiones;Montecarlo;1.212;23.810
2019;11;Noviembre;Misiones;Oberá;565;11.112
2019;11;Noviembre;Misiones;Otros;;12.699
2019;11;Noviembre;Misiones;Santo Pipó;;15.874
2019;12;Diciembre;Corrientes;Colonia Liebig;476;11.748
2019;12;Diciembre;Corrientes;Gobernador Virasoro;422;10.418
2019;12;Diciembre;Misiones;Apóstoles;4.847;95.242
2019;12;Diciembre;Misiones;Montecarlo;1.212;23.810
2019;12;Diciembre;Misiones;Oberá;565;11.112
2019;12;Diciembre;Misiones;Otros;;12.699
2019;12;Diciembre;Misiones;Santo Pipó;;15.874
2020;1;Enero;Corrientes;Colonia Liebig;485;12.235
2020;1;Enero;Corrientes;Gobernador Virasoro;430;10.850
2020;1;Enero;Misiones;Apóstoles;4.943;92.669
2020;1;Enero;Misiones;Montecarlo;1.236;23.167
2020;1;Enero;Misiones;Oberá;577;10.811
2020;1;Enero;Misiones;Otros;;12.356
2020;1;Enero;Misiones;Santo Pipó;;15.445
2020;2;Febrero;Corrientes;Colonia Liebig;485;12.235
2020;2;Febrero;Corrientes;Gobernador Virasoro;430;10.850
2020;2;Febrero;Misiones;Apóstoles;4.943;92.669
2020;2;Febrero;Misiones;Montecarlo;1.236;23.167
2020;2;Febrero;Misiones;Oberá;577;10.811
2020;2;Febrero;Misiones;Otros;;12.356
2020;2;Febrero;Misiones;Santo Pipó;;15.445
2020;3;Marzo;Corrientes;Colonia Liebig;485;12.235
2020;3;Marzo;Corrientes;Gobernador Virasoro;430;10.850
2020;3;Marzo;Misiones;Apóstoles;4.943;92.669
2020;3;Marzo;Misiones;Montecarlo;1.236;23.167
2020;3;Marzo;Misiones;Oberá;577;10.811
2020;3;Marzo;Misiones;Otros;;12.356
2020;3;Marzo;Misiones;Santo Pipó;;15.445
2020;4;Abril;Corrientes;Colonia Liebig;485;12.235
2020;4;Abril;Corrientes;Gobernador Virasoro;430;10.850
2020;4;Abril;Misiones;Apóstoles;4.943;92.669
2020;4;Abril;Misiones;Montecarlo;1.236;23.167
2020;4;Abril;Misiones;Oberá;577;10.811
2020;4;Abril;Misiones;Otros;;12.356
2020;4;Abril;Misiones;Santo Pipó;;15.445
2020;5;Mayo;Corrientes;Colonia Liebig;485;12.235
2020;5;Mayo;Corrientes;Gobernador Virasoro;430;10.850
2020;5;Mayo;Misiones;Apóstoles;4.943;92.669
2020;5;Mayo;Misiones;Montecarlo;1.236;23.167
2020;5;Mayo;Misiones;Oberá;577;10.811
2020;5;Mayo;Misiones;Otros;;12.356
2020;5;Mayo;Misiones;Santo Pipó;;15.445
2020;6;Junio;Corrientes;Colonia Liebig;485;12.235
2020;6;Junio;Corrientes;Gobernador Virasoro;430;10.850
2020;6;Junio;Misiones;Apóstoles;4.943;92.669
2020;6;Junio;Misiones;Montecarlo;1.236;23.167
2020;6;Junio;Misiones;Oberá;577;10.811
2020;6;Junio;Misiones;Otros;;12.356
2020;6;Junio;Misiones;Santo Pipó;;15.445
2020;7;Julio;Corrientes;Colonia Liebig;485;12.235
2020;7;Julio;Corrientes;Gobernador Virasoro;430;10.850
2020;7;Julio;Misiones;Apóstoles;4.943;92.669
2020;7;Julio;Misiones;Montecarlo;1.236;23.167
2020;7;Julio;Misiones;Oberá;577;10.811
2020;7;Julio;Misiones;Otros;;12.356
2020;7;Julio;Misiones;Santo Pipó;;15.445
2020;8;Agosto;Corrientes;Colonia Liebig;485;12.235
2020;8;Agosto;Corrientes;Gobernador Virasoro;430;10.850
2020;8;Agosto;Misiones;Apóstoles;4.943;92.669
2020;8;Agosto;Misiones;Montecarlo;1.236;23.167
2020;8;Agosto;Misiones;Oberá;577;10.811
2020;8;Agosto;Misiones;Otros;;12.356
2020;8;Agosto;Misiones;Santo Pipó;;15.445
2020;9;Septiembre;Corrientes;Colonia Liebig;485;12.235
2020;9;Septiembre;Corrientes;Gobernador Virasoro;430;10.850
2020;9;Septiembre;Misiones;Apóstoles;4.943;92.669
2020;9;Septiembre;Misiones;Montecarlo;1.236;23.167
2020;9;Septiembre;Misiones;Oberá;577;10.811
2020;9;Septiembre;Misiones;Otros;;12.356
2020;9;Septiembre;Misiones;Santo Pipó;;15.445
2020;10;Octubre;Corrientes;Colonia Liebig;485;12.235
2020;10;Octubre;Corrientes;Gobernador Virasoro;430;10.850
2020;10;Octubre;Misiones;Apóstoles;4.943;92.669
2020;10;Octubre;Misiones;Montecarlo;1.236;23.167
2020;10;Octubre;Misiones;Oberá;577;10.811
2020;10;Octubre;Misiones;Otros;;12.356
2020;10;Octubre;Misiones;Santo Pipó;;15.445
2020;11;Noviembre;Corrientes;Colonia Liebig;485;12.235
2020;11;Noviembre;Corrientes;Gobernador Virasoro;430;10.850
2020;11;Noviembre;Misiones;Apóstoles;4.943;92.669
2020;11;Noviembre;Misiones;Montecarlo;1.236;23.167
2020;11;Noviembre;Misiones;Oberá;577;10.811
2020;11;Noviembre;Misiones;Otros;;12.356
2020;11;Noviembre;Misiones;Santo Pipó;;15.445
2020;12;Diciembre;Corrientes;Colonia Liebig;485;12.235
2020;12;Diciembre;Corrientes;Gobernador Virasoro;430;10.850
2020;12;Diciembre;Misiones;Apóstoles;4.943;92.669
2020;12;Diciembre;Misiones;Montecarlo;1.236;23.167
2020;12;Diciembre;Misiones;Oberá;577;10.811
2020;12;Diciembre;Misiones;Otros;;12.356
2020;12;Diciembre;Misiones;Santo Pipó;;15.445
2021;1;Enero;Corrientes;Colonia Liebig;495;
2021;1;Enero;Corrientes;Gobernador Virasoro;439;
2021;1;Enero;Misiones;Apóstoles;5.040;
2021;1;Enero;Misiones;Montecarlo;1.260;
2021;1;Enero;Misiones;Oberá;588;
2021;1;Enero;Misiones;Otros;672;
2021;1;Enero;Misiones;Santo Pipó;840;
2021;2;Febrero;Corrientes;Colonia Liebig;495;
2021;2;Febrero;Corrientes;Gobernador Virasoro;439;
2021;2;Febrero;Misiones;Apóstoles;5.040;
2021;2;Febrero;Misiones;Montecarlo;1.260;
2021;2;Febrero;Misiones;Oberá;588;
2021;2;Febrero;Misiones;Otros;672;
2021;2;Febrero;Misiones;Santo Pipó;840;
2021;3;Marzo;Corrientes;Colonia Liebig;495;
2021;3;Marzo;Corrientes;Gobernador Virasoro;439;
2021;3;Marzo;Misiones;Apóstoles;5.040;
2021;3;Marzo;Misiones;Montecarlo;1.260;
2021;3;Marzo;Misiones;Oberá;588;
2021;3;Marzo;Misiones;Otros;672;
2021;3;Marzo;Misiones;Santo Pipó;840;
2021;4;Abril;Corrientes;Colonia Liebig;495;
2021;4;Abril;Corrientes;Gobernador Virasoro;439;
2021;4;Abril;Misiones;Apóstoles;5.040;
2021;4;Abril;Misiones;Montecarlo;1.260;
2021;4;Abril;Misiones;Oberá;588;
2021;4;Abril;Misiones;Otros;672;
2021;4;Abril;Misiones;Santo Pipó;840;
2021;5;Mayo;Corrientes;Colonia Liebig;495;
2021;5;Mayo;Corrientes;Gobernador Virasoro;439;
2021;5;Mayo;Misiones;Apóstoles;5.040;
2021;5;Mayo;Misiones;Montecarlo;1.260;
2021;5;Mayo;Misiones;Oberá;588;
2021;5;Mayo;Misiones;Otros;672;
2021;5;Mayo;Misiones;Santo Pipó;840;
2021;6;Junio;Corrientes;Colonia Liebig;495;
2021;6;Junio;Corrientes;Gobernador Virasoro;439;
2021;6;Junio;Misiones;Apóstoles;5.040;
2021;6;Junio;Misiones;Montecarlo;1.260;
2021;6;Junio;Misiones;Oberá;588;
2021;6;Junio;Misiones;Otros;672;
2021;6;Junio;Misiones;Santo Pipó;840;
2021;7;Julio;Corrientes;Colonia Liebig;495;
2021;7;Julio;Corrientes;Gobernador Virasoro;439;
2021;7;Julio;Misiones;Apóstoles;5.040;
2021;7;Julio;Misiones;Montecarlo;1.260;
2021;7;Julio;Misiones;Oberá;588;
2021;7;Julio;Misiones;Otros;672;
2021;7;Julio;Misiones;Santo Pipó;840;
2021;8;Agosto;Corrientes;Colonia Liebig;495;
2021;8;Agosto;Corrientes;Gobernador Virasoro;439;
2021;8;Agosto;Misiones;Apóstoles;5.040;
2021;8;Agosto;Misiones;Montecarlo;1.260;
2021;8;Agosto;Misiones;Oberá;588;
2021;8;Agosto;Misiones;Otros;672;
2021;8;Agosto;Misiones;Santo Pipó;840;
2021;9;Septiembre;Corrientes;Colonia Liebig;495;
2021;9;Septiembre;Corrientes;Gobernador Virasoro;439;
2021;9;Septiembre;Misiones;Apóstoles;5.040;
2021;9;Septiembre;Misiones;Montecarlo;1.260;
2021;9;Septiembre;Misiones;Oberá;588;
2021;9;Septiembre;Misiones;Otros;672;
2021;9;Septiembre;Misiones;Santo Pipó;840;
2021;10;Octubre;Corrientes;Colonia Liebig;495;
2021;10;Octubre;Corrientes;Gobernador Virasoro;439;
2021;10;Octubre;Misiones;Apóstoles;5.040;
2021;10;Octubre;Misiones;Montecarlo;1.260;
2021;10;Octubre;Misiones;Oberá;588;
2021;10;Octubre;Misiones;Otros;672;
2021;10;Octubre;Misiones;Santo Pipó;840;
2021;11;Noviembre;Corrientes;Colonia Liebig;495;
2021;11;Noviembre;Corrientes;Gobernador Virasoro;439;
2021;11;Noviembre;Misiones;Apóstoles;5.040;
2021;11;Noviembre;Misiones;Montecarlo;1.260;
2021;11;Noviembre;Misiones;Oberá;588;
2021;11;Noviembre;Misiones;Otros;672;
2021;11;Noviembre;Misiones;Santo Pipó;840;
2021;12;Diciembre;Corrientes;Colonia Liebig;495;
2021;12;Diciembre;Corrientes;Gobernador Virasoro;439;
2021;12;Diciembre;Misiones;Apóstoles;5.040;
2021;12;Diciembre;Misiones;Montecarlo;1.260;
2021;12;Diciembre;Misiones;Oberá;588;
2021;12;Diciembre;Misiones;Otros;672;
2021;12;Diciembre;Misiones;Santo Pipó;840;
2022;1;Enero;Corrientes;Colonia Liebig;495;
2022;1;Enero;Corrientes;Gobernador Virasoro;439;
2022;1;Enero;Misiones;Apóstoles;5.040;
2022;1;Enero;Misiones;Montecarlo;1.260;
2022;1;Enero;Misiones;Oberá;588;
2022;1;Enero;Misiones;Otros;672;
2022;1;Enero;Misiones;Santo Pipó;840;
2022;2;Febrero;Corrientes;Colonia Liebig;495;
2022;2;Febrero;Corrientes;Gobernador Virasoro;439;
2022;2;Febrero;Misiones;Apóstoles;5.040;
2022;2;Febrero;Misiones;Montecarlo;1.260;
2022;2;Febrero;Misiones;Oberá;588;
2022;2;Febrero;Misiones;Otros;672;
2022;2;Febrero;Misiones;Santo Pipó;840;
2022;3;Marzo;Corrientes;Colonia Liebig;495;
2022;3;Marzo;Corrientes;Gobernador Virasoro;439;
2022;3;Marzo;Misiones;Apóstoles;5.040;
2022;3;Marzo;Misiones;Montecarlo;1.260;
2022;3;Marzo;Misiones;Oberá;588;
2022;3;Marzo;Misiones;Otros;672;
2022;3;Marzo;Misiones;Santo Pipó;840;
2022;4;Abril;Corrientes;Colonia Liebig;495;
2022;4;Abril;Corrientes;Gobernador Virasoro;439;
2022;4;Abril;Misiones;Apóstoles;5.040;
2022;4;Abril;Misiones;Montecarlo;1.260;
2022;4;Abril;Misiones;Oberá;588;
2022;4;Abril;Misiones;Otros;672;
2022;4;Abril;Misiones;Santo Pipó;840;
2022;5;Mayo;Corrientes;Colonia Liebig;495;
2022;5;Mayo;Corrientes;Gobernador Virasoro;439;
2022;5;Mayo;Misiones;Apóstoles;5.040;
2022;5;Mayo;Misiones;Montecarlo;1.260;
2022;5;Mayo;Misiones;Oberá;588;
2022;5;Mayo;Misiones;Otros;672;
2022;5;Mayo;Misiones;Santo Pipó;840;
2022;6;Junio;Corrientes;Colonia Liebig;495;
2022;6;Junio;Corrientes;Gobernador Virasoro;439;
2022;6;Junio;Misiones;Apóstoles;5.040;
2022;6;Junio;Misiones;Montecarlo;1.260;
2022;6;Junio;Misiones;Oberá;588;
2022;6;Junio;Misiones;Otros;672;
2022;6;Junio;Misiones;Santo Pipó;840;
2022;7;Julio;Corrientes;Colonia Liebig;495;
2022;7;Julio;Corrientes;Gobernador Virasoro;439;
2022;7;Julio;Misiones;Apóstoles;5.040;
2022;7;Julio;Misiones;Montecarlo;1.260;
2022;7;Julio;Misiones;Oberá;588;
2022;7;Julio;Misiones;Otros;672;
2022;7;Julio;Misiones;Santo Pipó;840;
2022;8;Agosto;Corrientes;Colonia Liebig;495;
2022;8;Agosto;Corrientes;Gobernador Virasoro;439;
2022;8;Agosto;Misiones;Apóstoles;5.040;
2022;8;Agosto;Misiones;Montecarlo;1.260;
2022;8;Agosto;Misiones;Oberá;588;
2022;8;Agosto;Misiones;Otros;672;
2022;8;Agosto;Misiones;Santo Pipó;840;
2022;9;Septiembre;Corrientes;Colonia Liebig;495;
2022;9;Septiembre;Corrientes;Gobernador Virasoro;439;
2022;9;Septiembre;Misiones;Apóstoles;5.040;
2022;9;Septiembre;Misiones;Montecarlo;1.260;
2022;9;Septiembre;Misiones;Oberá;588;
2022;9;Septiembre;Misiones;Otros;672;
2022;9;Septiembre;Misiones;Santo Pipó;840;
2022;10;Octubre;Corrientes;Colonia Liebig;495;
2022;10;Octubre;Corrientes;Gobernador Virasoro;439;
2022;10;Octubre;Misiones;Apóstoles;5.040;
2022;10;Octubre;Misiones;Montecarlo;1.260;
2022;10;Octubre;Misiones;Oberá;588;
2022;10;Octubre;Misiones;Otros;672;
2022;10;Octubre;Misiones;Santo Pipó;840;
2022;11;Noviembre;Corrientes;Colonia Liebig;495;
2022;11;Noviembre;Corrientes;Gobernador Virasoro;439;
2022;11;Noviembre;Misiones;Apóstoles;5.040;
2022;11;Noviembre;Misiones;Montecarlo;1.260;
2022;11;Noviembre;Misiones;Oberá;588;
2022;11;Noviembre;Misiones;Otros;672;
2022;11;Noviembre;Misiones;Santo Pipó;840;
2022;12;Diciembre;Corrientes;Colonia Liebig;495;
2022;12;Diciembre;Corrientes;Gobernador Virasoro;439;
2022;12;Diciembre;Misiones;Apóstoles;5.040;
2022;12;Diciembre;Misiones;Montecarlo;1.260;
2022;12;Diciembre;Misiones;Oberá;588;
2022;12;Diciembre;Misiones;Otros;672;
2022;12;Diciembre;Misiones;Santo Pipó;840;
2023;1;Enero;Corrientes;Colonia Liebig;495;
2023;1;Enero;Corrientes;Gobernador Virasoro;439;
2023;1;Enero;Misiones;Apóstoles;5.040;
2023;1;Enero;Misiones;Montecarlo;1.260;
2023;1;Enero;Misiones;Oberá;588;
2023;1;Enero;Misiones;Otros;672;
2023;1;Enero;Misiones;Santo Pipó;840;
2023;2;Febrero;Corrientes;Colonia Liebig;495;
2023;2;Febrero;Corrientes;Gobernador Virasoro;439;
2023;2;Febrero;Misiones;Apóstoles;5.040;
2023;2;Febrero;Misiones;Montecarlo;1.260;
2023;2;Febrero;Misiones;Oberá;588;
2023;2;Febrero;Misiones;Otros;672;
2023;2;Febrero;Misiones;Santo Pipó;840;
2023;3;Marzo;Corrientes;Colonia Liebig;495;
2023;3;Marzo;Corrientes;Gobernador Virasoro;439;
2023;3;Marzo;Misiones;Apóstoles;5.040;
2023;3;Marzo;Misiones;Montecarlo;1.260;
2023;3;Marzo;Misiones;Oberá;588;
2023;3;Marzo;Misiones;Otros;672;
2023;3;Marzo;Misiones;Santo Pipó;840;
2023;4;Abril;Corrientes;Colonia Liebig;495;
2023;4;Abril;Corrientes;Gobernador Virasoro;439;
2023;4;Abril;Misiones;Apóstoles;5.040;
2023;4;Abril;Misiones;Montecarlo;1.260;
2023;4;Abril;Misiones;Oberá;588;
2023;4;Abril;Misiones;Otros;672;
2023;4;Abril;Misiones;Santo Pipó;840;
2023;5;Mayo;Corrientes;Colonia Liebig;495;
2023;5;Mayo;Corrientes;Gobernador Virasoro;439;
2023;5;Mayo;Misiones;Apóstoles;5.040;
2023;5;Mayo;Misiones;Montecarlo;1.260;
2023;5;Mayo;Misiones;Oberá;588;
2023;5;Mayo;Misiones;Otros;672;
2023;5;Mayo;Misiones;Santo Pipó;840;
2023;6;Junio;Corrientes;Colonia Liebig;495;
2023;6;Junio;Corrientes;Gobernador Virasoro;439;
2023;6;Junio;Misiones;Apóstoles;5.040;
2023;6;Junio;Misiones;Montecarlo;1.260;
2023;6;Junio;Misiones;Oberá;588;
2023;6;Junio;Misiones;Otros;672;
2023;6;Junio;Misiones;Santo Pipó;840;
2023;7;Julio;Corrientes;Colonia Liebig;495;
2023;7;Julio;Corrientes;Gobernador Virasoro;439;
2023;7;Julio;Misiones;Apóstoles;5.040;
2023;7;Julio;Misiones;Montecarlo;1.260;
2023;7;Julio;Misiones;Oberá;588;
2023;7;Julio;Misiones;Otros;672;
2023;7;Julio;Misiones;Santo Pipó;840;
2023;8;Agosto;Corrientes;Colonia Liebig;495;
2023;8;Agosto;Corrientes;Gobernador Virasoro;439;
2023;8;Agosto;Misiones;Apóstoles;5.040;
2023;8;Agosto;Misiones;Montecarlo;1.260;
2023;8;Agosto;Misiones;Oberá;588;
2023;8;Agosto;Misiones;Otros;672;
2023;8;Agosto;Misiones;Santo Pipó;840;
2023;9;Septiembre;Corrientes;Colonia Liebig;495;
2023;9;Septiembre;Corrientes;Gobernador Virasoro;439;
2023;9;Septiembre;Misiones;Apóstoles;5.040;
2023;9;Septiembre;Misiones;Montecarlo;1.260;
2023;9;Septiembre;Misiones;Oberá;588;
2023;9;Septiembre;Misiones;Otros;672;
2023;9;Septiembre;Misiones;Santo Pipó;840;
2023;10;Octubre;Corrientes;Colonia Liebig;495;
2023;10;Octubre;Corrientes;Gobernador Virasoro;439;
2023;10;Octubre;Misiones;Apóstoles;5.040;
2023;10;Octubre;Misiones;Montecarlo;1.260;
2023;10;Octubre;Misiones;Oberá;588;
2023;10;Octubre;Misiones;Otros;672;
2023;10;Octubre;Misiones;Santo Pipó;840;
2023;11;Noviembre;Corrientes;Colonia Liebig;495;
2023;11;Noviembre;Corrientes;Gobernador Virasoro;439;
2023;11;Noviembre;Misiones;Apóstoles;5.040;
2023;11;Noviembre;Misiones;Montecarlo;1.260;
2023;11;Noviembre;Misiones;Oberá;588;
2023;11;Noviembre;Misiones;Otros;672;
2023;11;Noviembre;Misiones;Santo Pipó;840;
2023;12;Diciembre;Corrientes;Colonia Liebig;495;
2023;12;Diciembre;Corrientes;Gobernador Virasoro;439;
2023;12;Diciembre;Misiones;Apóstoles;5.040;
2023;12;Diciembre;Misiones;Montecarlo;1.260;
2023;12;Diciembre;Misiones;Oberá;588;
2023;12;Diciembre;Misiones;Otros;672;
2023;12;Diciembre;Misiones;Santo Pipó;840;
2024;1;Enero;Corrientes;Colonia Liebig;495;
2024;1;Enero;Corrientes;Gobernador Virasoro;439;
2024;1;Enero;Misiones;Apóstoles;5.040;
2024;1;Enero;Misiones;Montecarlo;1.260;
2024;1;Enero;Misiones;Oberá;588;
2024;1;Enero;Misiones;Otros;672;
2024;1;Enero;Misiones;Santo Pipó;840;
2024;2;Febrero;Corrientes;Colonia Liebig;495;
2024;2;Febrero;Corrientes;Gobernador Virasoro;439;
2024;2;Febrero;Misiones;Apóstoles;5.040;
2024;2;Febrero;Misiones;Montecarlo;1.260;
2024;2;Febrero;Misiones;Oberá;588;
2024;2;Febrero;Misiones;Otros;672;
2024;2;Febrero;Misiones;Santo Pipó;840;
2024;3;Marzo;Corrientes;Colonia Liebig;495;
2024;3;Marzo;Corrientes;Gobernador Virasoro;439;
2024;3;Marzo;Misiones;Apóstoles;5.040;
2024;3;Marzo;Misiones;Montecarlo;1.260;
2024;3;Marzo;Misiones;Oberá;588;
2024;3;Marzo;Misiones;Otros;672;
2024;3;Marzo;Misiones;Santo Pipó;840;
2024;4;Abril;Corrientes;Colonia Liebig;495;
2024;4;Abril;Corrientes;Gobernador Virasoro;439;
2024;4;Abril;Misiones;Apóstoles;5.040;
2024;4;Abril;Misiones;Montecarlo;1.260;
2024;4;Abril;Misiones;Oberá;588;
2024;4;Abril;Misiones;Otros;672;
2024;4;Abril;Misiones;Santo Pipó;840;
2024;5;Mayo;Corrientes;Colonia Liebig;495;
2024;5;Mayo;Corrientes;Gobernador Virasoro;439;
2024;5;Mayo;Misiones;Apóstoles;5.040;
2024;5;Mayo;Misiones;Montecarlo;1.260;
2024;5;Mayo;Misiones;Oberá;588;
2024;5;Mayo;Misiones;Otros;672;
2024;5;Mayo;Misiones;Santo Pipó;840;
2024;6;Junio;Corrientes;Colonia Liebig;495;
2024;6;Junio;Corrientes;Gobernador Virasoro;439;
2024;6;Junio;Misiones;Apóstoles;5.040;
2024;6;Junio;Misiones;Montecarlo;1.260;
2024;6;Junio;Misiones;Oberá;588;
2024;6;Junio;Misiones;Otros;672;
2024;6;Junio;Misiones;Santo Pipó;840;
2024;7;Julio;Corrientes;Colonia Liebig;495;
2024;7;Julio;Corrientes;Gobernador Virasoro;439;
2024;7;Julio;Misiones;Apóstoles;5.040;
2024;7;Julio;Misiones;Montecarlo;1.260;
2024;7;Julio;Misiones;Oberá;588;
2024;7;Julio;Misiones;Otros;672;
2024;7;Julio;Misiones;Santo Pipó;840;
2024;8;Agosto;Corrientes;Colonia Liebig;495;
2024;8;Agosto;Corrientes;Gobernador Virasoro;439;
2024;8;Agosto;Misiones;Apóstoles;5.040;
2024;8;Agosto;Misiones;Montecarlo;1.260;
2024;8;Agosto;Misiones;Oberá;588;
2024;8;Agosto;Misiones;Otros;672;
2024;8;Agosto;Misiones;Santo Pipó;840;
2024;9;Septiembre;Corrientes;Colonia Liebig;495;
2024;9;Septiembre;Corrientes;Gobernador Virasoro;439;
2024;9;Septiembre;Misiones;Apóstoles;5.040;
2024;9;Septiembre;Misiones;Montecarlo;1.260;
2024;9;Septiembre;Misiones;Oberá;588;
2024;9;Septiembre;Misiones;Otros;672;
2024;9;Septiembre;Misiones;Santo Pipó;840;
2024;10;Octubre;Corrientes;Colonia Liebig;495;
2024;10;Octubre;Corrientes;Gobernador Virasoro;439;
2024;10;Octubre;Misiones;Apóstoles;5.040;
2024;10;Octubre;Misiones;Montecarlo;1.260;
2024;10;Octubre;Misiones;Oberá;588;
2024;10;Octubre;Misiones;Otros;672;
2024;10;Octubre;Misiones;Santo Pipó;840;
2024;11;Noviembre;Corrientes;Colonia Liebig;495;
2024;11;Noviembre;Corrientes;Gobernador Virasoro;439;
2024;11;Noviembre;Misiones;Apóstoles;5.040;
2024;11;Noviembre;Misiones;Montecarlo;1.260;
2024;11;Noviembre;Misiones;Oberá;588;
2024;11;Noviembre;Misiones;Otros;672;
2024;11;Noviembre;Misiones;Santo Pipó;840;
2024;12;Diciembre;Corrientes;Colonia Liebig;495;
2024;12;Diciembre;Corrientes;Gobernador Virasoro;439;
2024;12;Diciembre;Misiones;Apóstoles;5.040;
2024;12;Diciembre;Misiones;Montecarlo;1.260;
2024;12;Diciembre;Misiones;Oberá;588;
2024;12;Diciembre;Misiones;Otros;672;
2024;12;Diciembre;Misiones;Santo Pipó;840;
2025;1;Enero;Corrientes;Colonia Liebig;;
2025;1;Enero;Corrientes;Gobernador Virasoro;;
2025;1;Enero;Misiones;Apóstoles;;
2025;1;Enero;Misiones;Montecarlo;;
2025;1;Enero;Misiones;Oberá;;
2025;1;Enero;Misiones;Otros;;
2025;1;Enero;Misiones;Santo Pipó;;
2025;2;Febrero;Corrientes;Colonia Liebig;;
2025;2;Febrero;Corrientes;Gobernador Virasoro;;
2025;2;Febrero;Misiones;Apóstoles;;
2025;2;Febrero;Misiones;Montecarlo;;
2025;2;Febrero;Misiones;Oberá;;
2025;2;Febrero;Misiones;Otros;;
2025;2;Febrero;Misiones;Santo Pipó;;
2025;3;Marzo;Corrientes;Colonia Liebig;;
2025;3;Marzo;Corrientes;Gobernador Virasoro;;
2025;3;Marzo;Misiones;Apóstoles;;
2025;3;Marzo;Misiones;Montecarlo;;
2025;3;Marzo;Misiones;Oberá;;
2025;3;Marzo;Misiones;Otros;;
2025;3;Marzo;Misiones;Santo Pipó;;
2025;4;Abril;Corrientes;Colonia Liebig;;
2025;4;Abril;Corrientes;Gobernador Virasoro;;
2025;4;Abril;Misiones;Apóstoles;;
2025;4;Abril;Misiones;Montecarlo;;
2025;4;Abril;Misiones;Oberá;;
2025;4;Abril;Misiones;Otros;;
2025;4;Abril;Misiones;Santo Pipó;;
2025;5;Mayo;Corrientes;Colonia Liebig;;
2025;5;Mayo;Corrientes;Gobernador Virasoro;;
2025;5;Mayo;Misiones;Apóstoles;;
2025;5;Mayo;Misiones;Montecarlo;;
2025;5;Mayo;Misiones;Oberá;;
2025;5;Mayo;Misiones;Otros;;
2025;5;Mayo;Misiones;Santo Pipó;;
2025;6;Junio;Corrientes;Colonia Liebig;;
2025;6;Junio;Corrientes;Gobernador Virasoro;;
2025;6;Junio;Misiones;Apóstoles;;
2025;6;Junio;Misiones;Montecarlo;;
2025;6;Junio;Misiones;Oberá;;
2025;6;Junio;Misiones;Otros;;
2025;6;Junio;Misiones;Santo Pipó;;
2025;7;Julio;Corrientes;Colonia Liebig;;
2025;7;Julio;Corrientes;Gobernador Virasoro;;
2025;7;Julio;Misiones;Apóstoles;;
2025;7;Julio;Misiones;Montecarlo;;
2025;7;Julio;Misiones;Oberá;;
2025;7;Julio;Misiones;Otros;;
2025;7;Julio;Misiones;Santo Pipó;;
2025;8;Agosto;Corrientes;Colonia Liebig;;
2025;8;Agosto;Corrientes;Gobernador Virasoro;;
2025;8;Agosto;Misiones;Apóstoles;;
2025;8;Agosto;Misiones;Montecarlo;;
2025;8;Agosto;Misiones;Oberá;;
2025;8;Agosto;Misiones;Otros;;
2025;8;Agosto;Misiones;Santo Pipó;;
